country,cname,party_id,party_name,position,eu_salience,eu_dissent,eu_benefit,eu_ep,eu_intmark,eu_cohesion,eu_foreign,eu_turkey,lrgen,lrecon,galtan,spendvtax,spendvtax_salience,deregulation,dereg_salience,redistribution,redist_salience,civlib_laworder,civlib_salience,sociallifestyle,social_salience,religious_principle,relig_salience,immigrate_policy,immigra_salience,multiculturalism,immasylum_salience,urban_rural,urban_salience,environment,enviro_salience,regions,region_salience,international_security,international_salience,ethnic_minorities,ethnic_salience,eu_econ_req,eu_pol_req,eu_good_gov
1,"be",102,"PS",6.2,2.35714,2.46154,1.13333,6.54545,5.08333,6.625,6.33333,5.75,2.5,2.57143,2.85714,1.69231,7.61538,2.375,4.5,1.81818,7.58333,2.63636,4.72727,1.81818,5.09091,1.45455,2.54545,2,6.08333,3.25,5.54545,4,2.14286,4.91667,4.83333,5.58333,5.08333,6.09091,3.22222,2.44444,5.33333,,,
1,"be",103,"SP.A",6.06667,2.33333,3,1.13333,6.69231,5.21429,6.4,6.42857,5.61538,3.42857,3.2,2.93333,2.61538,7.23077,2.88889,4.875,2.45455,7.41667,3.6,4.81818,1.81818,5,1.63636,2.36364,4,5.16667,4.5,5.54545,3.625,2.625,3.91667,5.5,3.75,6.08333,6.45455,3.9,3.8,4.5,,,
1,"be",104,"ECOLO",6,2.5,2.23077,1.07692,6.75,4.58333,6.5,6.08333,6.36364,2.28571,2.14286,2,1.53846,5.33333,2.22222,4.625,1.6,7.08333,2.27273,5,1.18182,6.27273,2.27273,2.5,1,6.63636,2,6.81818,3.875,2.875,1.08333,9.41667,5.75,4.5,6.54545,4.125,1.4,7.55556,,,
1,"be",105,"Groen",6.2,2.6,2.2,1.06667,6.71429,4.28571,6.2,5.92857,6.15385,2.28571,2.33333,1.53333,1.92308,5.23077,2,4.625,1.81818,6.91667,2.18182,5.09091,.909091,6.54545,2.54545,2.54545,1.41667,6.58333,2.25,6.72727,3.5,3.375,1.08333,9.75,4.5,4.83333,7,3.6,1.6,7.2,,,
1,"be",106,"MR",6.66667,2.42857,2.30769,1,6.33333,6.83333,6.375,6.66667,4.90909,7,7.61538,4.35714,7.41667,8.07692,7.125,5.57143,6.63636,4.83333,5.45455,5.90909,3.36364,4.27273,2.27273,2.63636,5.66667,5.83333,5.83333,5.90909,4.625,2.375,6.91667,4.16667,6.08333,5.33333,3.81818,3.22222,4.7,5.22222,,,
1,"be",107,"VLD",6.66667,2.6,2.46667,1,6.64286,6.85714,5.9,6.78571,5,6.92857,7.6,3.2,8.38461,8.46154,7,5.75,6.2,4.83333,5.09091,5.54545,1.90909,5,1.54545,2.81818,6.58333,5.66667,6.08333,5.54545,4,1.625,6.66667,4.08333,3.75,6.25,4.18182,2.8,5.5,4.3,,,
1,"be",108,"CDH",6.57143,2.42857,2.30769,1,6.54545,6.08333,6.5,6.66667,4.90909,4.5,4,5.28571,4.61538,5.66667,4.25,4.14286,3.36364,6.16667,4.45455,4.3,4.18182,4.90909,5.45455,4.45455,3,6,3.91667,5.81818,5.625,2.75,5.54545,4.63636,6.16667,5.33333,4.90909,3.22222,3.2,5.33333,,,
1,"be",109,"CD&V",6.73333,2.86667,2.33333,1,6.69231,6.14286,6.2,6.78571,4.46154,5.78571,5.4,6.6,4.92308,5.53846,5.33333,3.75,4.18182,5.91667,5.18182,5.09091,5.81818,5.36364,7.09091,5.45455,5.58333,5,6.16667,5.54545,6.5,3.5,5.5,4.33333,2.83333,7.58333,3.72727,3.1,5.1,4.2,,,
1,"be",110,"NVA",5.33333,2.4,2.46667,1.28571,5.75,6.08333,5.1,6.23077,2.38462,7.57143,7.8,7.86667,8.07692,6.16667,7,5,6.3,4.58333,7.18182,6.36364,6.27273,4.36364,4.7,2.90909,7.91667,6.41667,8.58333,6.54545,5.25,2.125,7.09091,3.5,1.66667,9.91667,4.125,2.8,7,5.3,,,
1,"be",112,"VB",2.6,2.26667,2.66667,2.46667,4.25,4.16667,3.125,4.07692,1,9.85714,7.93333,9.6,8,4.58333,7.42857,3.28571,6.11111,4.25,9.18182,9.36364,9,6.36364,4.6,4,10,9.75,9.90909,9.63636,5.75,1.875,7.66667,2.83333,1.66667,9.83333,5.5,2.6,9.1,8.8,,,
1,"be",115,"FN",2.61538,1.84615,3.14286,2.1,4.28571,3.83333,5,3.85714,1,9.21429,8.45455,9.66667,8.66667,3,7.25,2,6.6,3.4,9.77778,9.66667,8.88889,7,4.28571,3.71429,10,10,9.8,9.6,4.5,.833333,7.16667,3.42857,7.4,2.5,5,2.85714,10,10,,,
1,"be",117,"LDD",3.5,2.14286,2.83333,1.75,4.83333,6.45455,4,4.5,1.53846,8.42857,8.86667,5.06667,9.38461,8.41667,8.33333,6.25,8.4,6.27273,8.66667,8.1,4.18182,4.36364,1,2.5,8.66667,6.41667,9,7,4.57143,1.71429,7.75,3.75,2.27273,7.90909,4.66667,2.3,8.44444,5.9,,,
1,"be",118,"SLP",5.25,2.5,3.71429,1.25,6,5,6.2,5.83333,5.8,2.76923,2.38462,1.90909,2.44444,4.5,3.33333,3.33333,2.42857,5.88889,2.71429,5,1.55556,6.875,1.28571,2.375,2.66667,5.625,3.33333,5.14286,3.83333,1.8,3.375,5.75,3.22222,6.875,4.5,3.5,2.57143,6,,,
1,"be",119,"PVDA",2.38462,2.53846,2.5,2.45455,4.85714,2.11111,5.33333,3.11111,5.57143,.285714,.2,2.27273,.181818,8,.166667,5.66667,.111111,9,1.71429,5.66667,1.57143,4.42857,1.25,2.25,.3,6.75,1.875,6.33333,4.16667,2.66667,4.625,5.33333,6.14286,2.75,7.83333,4.375,1.85714,6.66667,,,
2,"den",201,"SD",5.90909,2.27273,3.2,1,5.66667,5.45455,5.25,5.6,4.7,4.18182,3.81818,5,3,7.81818,4.5,4.66667,3.18182,6.81818,5.5,5.4,3.8,4.11111,3.125,3.1,6.36364,5.81818,6.18182,6.36364,3.63636,3.36364,4.36364,4.81818,5.625,3.375,3.8,5.7,5.54545,5.90909,,,
2,"den",202,"RV",6.81818,3.09091,1.1,1,6.11111,6.45455,5.5,5.4,5.72727,5.18182,6.36364,1.5,6.18182,7.36364,6.63636,5,5.09091,5.90909,2.5,7.5,1.9,7,1.5,2.33333,2.18182,8.18182,2.09091,8.27273,2.72727,3.36364,3,6.6,4.625,4.125,4.1,5.9,2.18182,7.63636,,,
2,"den",203,"KF",5.90909,2,2.5,1.18182,5.55556,6.45455,5.25,4.9,3.77778,7.54545,7.81818,6.7,8.09091,8.36364,7.5,5.22222,6.45455,5.90909,8.3,7.3,6,5,4.25,4.6,7.72727,6.72727,7.45455,6.72727,3.45455,3.3,6.81818,4.5,5.625,3.125,3,6.6,6.9,6.36364,,,
2,"den",206,"SF",4.54545,2.09091,5.7,1.54545,5.375,3.72727,5,3.5,4.9,2.81818,2.27273,2.4,2,7.63636,2.90909,4.77778,2.72727,7.27273,3.1,6.4,2.1,6.1,1.625,2.77778,3.72727,6.81818,3.09091,7.18182,3.18182,3.09091,2.18182,7.45455,4.5,4.625,5.4,5.8,2.54545,7.27273,,,
2,"den",211,"V",6.09091,2.09091,2.44444,1,5.44444,6.81818,6,5.6,4.66667,7,7.09091,5.9,6.36364,7.36364,6.9,5.11111,5.90909,5.18182,7.4,6.1,3.9,4.66667,2.875,3.3,7.72727,6.90909,7,7,6.72727,5.54545,6.63636,3.90909,5.25,4.5,3,6.6,6.54545,6.36364,,,
2,"den",213,"EL",1.72727,2.63636,1.5,2.90909,3.125,2.45455,4.25,2,3.875,1,.818182,1.7,.727273,7.27273,1.36364,5.2,1.90909,8.36364,1.6,7,1.8,6.6,1.44444,2,1.27273,7.72727,1.45455,7.54545,2.8,2.5,.909091,8.36364,3.57143,4.375,7.1,6.4,1.27273,7.90909,,,
2,"den",215,"DF",2.36364,3,.9,2.45455,3,3.63636,4.75,2.44444,1,7.81818,5.45455,9.4,5.09091,5.72727,5.33333,3.77778,4.36364,5.54545,9.4,8.5,6.66667,6,4.375,6.1,9.63636,9.63636,9.54545,9.36364,5.8,4.3,7.36364,3.18182,5.625,3.125,4.3,4.9,9,8.81818,,,
2,"den",217,"FolkB",1.33333,3.8,1,2.88889,3,2.25,2.66667,1.375,2.6,2.66667,3.25,4.66667,4,2.25,2.66667,2.5,2.5,4.66667,4,3,2,2,3,.666667,4,2.5,5,2.5,5,2,4,3,5,3,5,4,5,2.5,,,
2,"den",218,"LA",6.125,2.125,1.8,1,5.5,6.875,4.33333,4.83333,5,8.2,9.18182,3.11111,9.36364,9,9.09091,8,7.63636,6.72727,3.71429,5,2.125,5.125,2.33333,3,4,5.2,3.55556,5.9,2.77778,2.7,7,3.1,5.14286,3.42857,3.75,3.75,3.875,4.77778,,,
3,"ger",301,"CDU",6,3.41176,3.41176,1,5.85714,6.13333,4.75,5.92308,2.4375,6.125,6,6.25,5.13333,6.26667,5.53333,5.33333,5.33333,5.13333,6.46667,5.93333,5.13333,4.8,6.66667,6.73333,6.66667,6.93333,7.33333,6.35714,6,4.66667,6,5.46667,4.28571,3.28571,2.8,5.8,6.21429,4,,,
3,"ger",302,"SPD",5.88235,3.05882,2.875,1.05882,5.92857,5.13333,5.27273,5.76923,4.75,3.625,3,4.5,2.86667,6.26667,3.46667,5.4,3.06667,7,4.93333,5.4,3.8,4.86667,3.53333,3.33333,4.85714,6.46667,5.46667,6,3.73333,3.86667,5.2,5.8,5.42857,3.21429,4.06667,5.6,4.42857,4.30769,,,
3,"ger",303,"FDP",6,2.88235,2.875,1.17647,5.76923,6.6,4,5.91667,4.625,6.6,8.1875,3.53333,8.53333,8.4,8,8.13333,8.13333,7.33333,3.66667,7.26667,2.6,6.46667,2.86667,3.53333,4.13333,5.53333,5.2,6.07143,3.66667,3.93333,6.93333,4.86667,5.53846,2.78571,3.46154,5.26667,4.38462,4.30769,,,
3,"ger",304,"Grunen",6,2.94118,3,1,6.21429,5.46667,5.4,5.25,6,3.625,3.875,1.875,3.2,5.46667,3.6,5.46667,2.86667,6.2,1.86667,7.86667,1.13333,8,1.93333,3.13333,1.73333,7.06667,2.2,8.14286,3.13333,4,2.33333,9.33333,3.57143,3.78571,5.86667,6.46667,1.57143,6.5,,,
3,"ger",306,"LINKE",3.29412,2.29412,3.33333,2.25,5.2,2.53846,4.5,2.09091,4.63636,1.3125,1,4.61538,.866667,7.4,.866667,7.2,.466667,9,3.8,5.2,2.53846,4.64286,1.26667,2.92857,3.07143,5.06667,3.76923,5.63636,2.07143,3.85714,4.23077,5.42857,5.8,2.84615,8.06667,7.33333,3,5.25,,,
3,"ger",308,"CSU",4.94118,3.17647,4.375,1.35294,5,5.73333,4.25,5.58333,1.625,7.06667,5.5,7.125,4.92857,6.46667,5.2,5.46667,5.33333,5.26667,7.73333,6.8,6.2,5.4,7.86667,7.66667,7.93333,7.73333,8.4,7.35714,7.6,6.86667,6,5.13333,3.14286,5.71429,2.64286,5.73333,7.07143,4.92308,,,
4,"gre",401,"PASOK",6.09091,3.81818,4.45455,1.09091,6,5.63636,6.45455,6.09091,6,4.36364,5.63636,2.81818,3.63636,7,6.81818,7.54545,2.90909,7.6,4.54545,6.90909,3.63636,6,4.27273,4.81818,5.1,7.54545,3,7,5.72727,4.2,4.18182,7.45455,2,7.27273,3.8,4.7,2.90909,6.54545,,,
4,"gre",402,"ND",5.27273,3.7,5.45455,1,5.90909,6,6.36364,6.18182,5.3,6.81818,6.09091,7.3,6.09091,6.5,6.63636,6.81818,5,5.6,8,7,7.09091,4.27273,8.09091,7.45455,7.8,7.72727,7.36364,7.6,6.09091,4.5,6.90909,3.54545,5.36364,4.63636,4,4.6,6.90909,5.72727,,,
4,"gre",403,"SYRIZA",2.18182,3.45455,7,2.18182,4.9,2.63636,5,3.09091,3.77778,1.54545,1,1.90909,1,7.9,.818182,7.81818,.545455,9.3,.818182,9.18182,.636364,8.27273,.454545,5.81818,.6,8.81818,.636364,9,4.18182,3.6,.818182,8.81818,1.54545,7.18182,8.36364,6.6,.636364,7.36364,,,
4,"gre",404,"KKE",1,3.54545,.090909,3,2.3,1,3,1.18182,1.625,.363636,.090909,6.09091,.909091,8,.090909,8.36364,.090909,9.8,2.7,6.90909,5.2,3.4,1.45455,2.3,2.22222,6.9,2.77778,6.55556,6.54545,5.1,5.5,4.5,3.9,5.22222,9.09091,6.3,3,5.77778,,,
4,"gre",409,"DIKKI",1.8,3.25,1.4,2.8,4.5,2,5.25,2.5,1.4,5,2.6,6.66667,3,8,.6,8,.6,9,5.33333,7.5,7.5,5,6.25,4,4,6,5.33333,6,8.66667,5.5,4,6,4,3,8.66667,8,4,,,,
4,"gre",410,"LAOS",3.27273,3.27273,2,1.90909,4.8,3.6,5.4,3.4,1,8.81818,5.90909,9.54545,5.63636,5.4,4.63636,5.9,4,5.9,9.8,7.81818,9.54545,7.72727,9.54545,9.3,9.8,9.54545,9.6,9.09091,6.3,4.5,8,2.54545,5,4.625,5.88889,5.77778,9.45455,8.63636,,,
4,"gre",411,"OP",5.57143,2.75,1.71429,1.16667,6.57143,4,6.42857,5.16667,5.4,2.25,2.625,.625,1,5.85714,2.57143,4.5,1.625,6.6,.857143,8,.571429,8.28571,.625,5.25,.666667,7.14286,.714286,6.5,4.66667,1.33333,.5,9.5,.75,6.75,5.25,5.25,1,5.75,,,
5,"spa",501,"PSOE",6.75,2.91667,.916667,1,5,6.16667,6.72727,5.91667,5.33333,3.66667,3.5,2.33333,3.27273,6.72727,3.41667,5.72727,2.83333,6.83333,3,6.91667,1.09091,7.90909,2.81818,5.2,4.09091,5.5,4.4,6.5,4.33333,2.42857,4.5,5,3.27273,6.63636,3.36364,4.2,4.18182,4.36364,,,
5,"spa",502,"PP",6,2.75,1.41667,1,4.33333,6.5,6.5,5.33333,3.77778,7.33333,7.66667,8.16667,7.63636,6.45455,7.58333,7.09091,6.83333,5.5,7.66667,6.75,7.81818,5.72727,7.63636,7,7.18182,7.5,7.7,6.625,4.83333,2.42857,8.1,3.55556,7.45455,8.1,3.90909,4.1,7.81818,5.45455,,,
5,"spa",504,"IU",4.75,2.33333,2.91667,1.81818,4.90909,4.45455,6.72727,4.9,5.28571,1.83333,1.33333,1.16667,.909091,7.72727,.636364,7.36364,.75,8.83333,1.75,7.18182,.636364,7.9,.6,5,2.3,6.55556,2.55556,6.875,4.33333,2.57143,2.33333,7.88889,2.18182,6.6,5.9,4.6,1.9,5.8,,,
5,"spa",505,"CiU",6.09091,2.72727,1.45455,1.09091,5.27273,6.09091,6.27273,5.90909,3.75,6,6.5,6.33333,7.18182,5.7,7,5.90909,6.45455,4.9,5.63636,5.63636,5.8,5.2,6.3,5.77778,6.2,6.88889,7.6,7.14286,5.66667,3.57143,6,4,.272727,9.90909,4.3,3.11111,4.11111,7,,,
5,"spa",506,"PNV",5.72727,2.63636,1.45455,1.09091,5.18182,6,6.27273,5.72727,3.875,6.08333,6.16667,6.25,6.36364,5.5,5.90909,5.36364,5.63636,5,4.63636,5.72727,5.5,4.7,6.6,5.88889,5.55556,5.125,6.9,5.42857,6,3.42857,6.875,4.125,.181818,9.90909,4.875,2.66667,3.77778,7.11111,,,
5,"spa",507,"EA",5,2.33333,1.6,1.22222,5,5.625,6.6,5.85714,4.6,4,4.33333,4.1,3.875,5.5,4.5,4.75,4.28571,5.5,3.7,5.5,3,4.88889,3.44444,3.25,4.4,5.66667,5.57143,5,4.8,2.5,4.85714,4.83333,.111111,9.88889,5,2.625,2.57143,7.5,,,
5,"spa",511,"ERC",5.27273,2.36364,2.27273,1.54545,5,4.5,6.36364,5.3,4.42857,3,2.75,2,2.4,6.4,2.27273,4.90909,2.45455,5.7,2.72727,5.63636,1.3,6.1,1.4,4.55556,4.2,6.125,5.6,6.42857,5.33333,2.57143,3,5,.181818,9.90909,5.8,2.66667,2.66667,6.6,,,
5,"spa",513,"BNG",4.81818,2.1,2.125,1.81818,4.9,4.33333,6.72727,5.14286,4.75,2.36364,2.09091,1.72727,1.77778,6.75,1.6,5,2,6.5,3.27273,5.7,1.1,6.22222,1.33333,3.875,3.4,6.4,4.125,5.66667,4.2,3.2,2.57143,6.66667,.4,9.8,5.66667,2.75,1.71429,7.375,,,
5,"spa",517,"CC",5.6,2.22222,1.33333,1.2,4.75,5.45455,6.72727,5.75,4.2,6.18182,6,6,6,5.66667,5.33333,5.22222,5.2,4.9,5.18182,5.09091,5.375,4.4,5,3.77778,5.57143,8,6.28571,6.42857,5.2,3.2,6.33333,4.28571,1.2,9.1,4.5,2.44444,3.42857,7,,,
5,"spa",520,"CHA",5,2,1.5,1.4,4.71429,4.71429,7,5.5,4.75,2.9,2.55556,2,1.85714,6.14286,2.28571,5.5,2,6.28571,3.55556,6,1,7.14286,1.57143,3.85714,4,6.2,3.33333,5.8,5.2,3.4,1.83333,6.57143,1.1,9,5.33333,3.125,2.14286,6.71429,,,
5,"spa",521,"CpE",5,2.8,1.33333,1.33333,5.6,6.2,6.28571,6.25,4,5.4,5.4,5.4,6.33333,6,5.8,4.4,5.5,5.25,5.25,5.25,4.25,4.25,4.25,4.66667,5,6,6.5,7,4.5,1,6,4,.2,10,4.5,1,2,7.75,,,
5,"spa",522,"EdP-V",5.5,2.66667,1,1.33333,5.66667,5.5,6.5,5.8,4.66667,2.85714,3,2.16667,2.25,6.5,3.33333,5,3,6.8,4.2,5.6,2,5.2,2.2,4.75,2.5,6,3.33333,6,3.33333,3.33333,1.6,8,1.33333,8,4,2.75,1.75,7,,,
5,"spa",523,"UPD",5.27273,2,.833333,1.27273,4.5,5.75,6.63636,5.25,4.2,5.54545,4.63636,3.54545,4.11111,4.77778,3.9,4.88889,4,4.22222,5.36364,6.6,3.33333,5.44444,3,4,5.88889,5.875,5.14286,5.83333,3.33333,2.33333,5.16667,3.71429,8.1,8.33333,4,3,7.11111,5.66667,,,
6,"fra",601,"PCF",2.77778,2.5,2.33333,2.66667,3.57143,2.11111,4.57143,2.625,3.6,1.11111,.777778,3.75,.777778,7.375,.666667,5.22222,.555556,9.375,3.88889,5.125,2.44444,5.75,.666667,2.625,3.33333,7,4.88889,6.125,3.42857,2.71429,5,3.125,4.14286,3.75,7.33333,3.5,3.125,7,,,
6,"fra",602,"PS",6.125,3,5.44444,1.11111,5.22222,4.55556,5.25,5.66667,4.88889,2.77778,2.44444,2.33333,2.44444,6.75,2.88889,4.44444,2.33333,7.875,3,6.75,1.66667,6.875,1.44444,2.5,3.77778,6.75,5,6.375,4.25,3,3.44444,6.125,3.625,5,5.875,5.66667,3.25,6.66667,,,
6,"fra",603,"PRG",6.16667,2.71429,3.6,1,5.5,4.83333,5.5,5,4.66667,3.625,3.875,2.85714,2.42857,5.83333,2.71429,3.85714,2.71429,7.16667,3.5,6,2.14286,6.66667,2.125,2.28571,3.57143,5.83333,4.57143,6.16667,4.16667,3.66667,3.14286,5.83333,3.33333,4.14286,6.4,4.4,3.28571,6,,,
6,"fra",605,"VERTS",6.11111,3.11111,3.33333,1.11111,6.25,4,5.42857,5.28571,5,2.55556,2.66667,1.55556,1.88889,6,2.55556,4.375,2.11111,6.625,1.66667,6.75,.777778,7.625,1.55556,2.625,1.66667,6.375,3,6.25,3.375,4,.555556,9.375,2.375,5.85714,7,4.5,1.875,7,,,
6,"fra",609,"UMP",6,2.88889,4.44444,1.11111,4.22222,5.22222,5,5.44444,1.88889,7.22222,5.55556,6.33333,6.44444,6.125,5.75,5,6.88889,5.375,7.88889,7.625,5,4.375,4.33333,3.625,8.44444,8.88889,8.77778,7.875,6.25,4.42857,5.88889,4.75,4.375,4.75,3.375,6.5,6.5,7,,,
6,"fra",610,"FN",1.22222,3.22222,1.33333,3,1.875,1.77778,2.875,1.25,1,9.88889,6.5,9.55556,7,4,5,3.22222,7,2.375,10,9.375,9.66667,7.25,5.44444,6.25,10,9.88889,9.22222,8.25,6.57143,5,8.125,2.875,5,3.42857,5,4.83333,9.875,9.57143,,,
6,"fra",612,"MPF",1.5,3.71429,1.71429,3,2,2,3.5,1.5,1.14286,9,6.125,9,6.83333,4.28571,4.42857,4.14286,6,2.57143,9.57143,9.42857,9.28571,7.71429,7.85714,7.125,9.14286,9.71429,9.85714,8.71429,6.5,6.42857,7.57143,4.71429,3.28571,3.71429,5.4,4,9.42857,9.28571,,,
6,"fra",613,"MODEM",6.66667,3.44444,1.625,1,6.11111,5.55556,5.75,5.85714,4.42857,5.11111,5.22222,4.77778,4.375,5.66667,5.375,4.75,4.66667,5.85714,3.77778,6,3.33333,5.5,3.88889,3.25,4.77778,5.625,5.11111,5.85714,4.75,4.14286,4.11111,5.71429,3.375,4.57143,5.16667,5,4.125,5.83333,,,
6,"fra",615,"NC",6.28571,3,1.6,1,5.5,5.4,5.2,5.6,4,5.83333,5,4.66667,5.33333,6,5.57143,5.14286,6.14286,5.42857,3.71429,5.71429,3.28571,5.57143,4.28571,3.25,4.71429,6,6,6,4.8,4,5.28571,5.83333,4.14286,4.25,5,5,4.57143,5.5,,,
7,"ire",701,"FF",6.375,3.375,4.14286,1,4.42857,5.42857,6.28571,4.66667,4,7.25,7.125,7.25,6.5,6.125,6.375,5.16667,7,4.85714,6.875,5.28571,6.125,5.33333,6.28571,4.14286,7,5.42857,6,3,5.5,5.83333,6.85714,3.85714,5.14286,4.85714,3.83333,5,6.16667,3,,,
7,"ire",702,"FG",6.5,3.5,3.14286,1,4.85714,5.71429,6.42857,5,4.33333,7.25,7.5,6.375,6.75,6.5,6.625,6.33333,6.625,4.71429,7.14286,5.83333,5.75,5,6,3.85714,7,5.71429,6,3,5.83333,5.5,7,3.71429,5.14286,4.71429,3.83333,5.16667,6.16667,3.16667,,,
7,"ire",703,"LAB",5.875,3,3.42857,1.125,4.85714,4.57143,6.42857,3.66667,4.5,3.875,3.5,3.75,3,7.625,3.875,6,3.625,6.71429,5.28571,5.16667,4,6,4,4,4.875,5.14286,4,4.16667,3.83333,4.66667,4.71429,4.28571,5,4.16667,5.16667,5.83333,4.33333,4.5,,,
7,"ire",705,"GP",5,3.375,5,1.875,4.28571,3.85714,5.71429,2.42857,4.2,3.5,3.28571,2,3.125,7.25,3.14286,4.83333,3.375,6.85714,3.85714,5.83333,2.25,7.33333,2.71429,4.85714,4.42857,5.16667,3.16667,4.33333,4.16667,5.16667,1,9.42857,2.85714,6.14286,6.83333,6.83333,3,5.33333,,,
7,"ire",707,"SF",2.625,3.125,1.71429,2.875,3,2.42857,5.71429,1.28571,3.66667,2.125,2.125,4.625,1.625,7.75,2.14286,5.2,1.875,8.28571,4.42857,4.83333,4.875,4,4.42857,3.57143,4.85714,5.83333,3.83333,4,4.5,4.83333,5.28571,4.28571,3.33333,5.4,8.14286,7.57143,4.14286,4.33333,,,
7,"ire",708,"SP",2.42857,3.14286,2.4,2.71429,3,2.33333,5,1.57143,4,1.25,1.5,2,.75,8.625,1.71429,5.5,1.125,9,3.42857,5.66667,2.375,5.5,2.71429,4.28571,3.71429,5.2,3.16667,4.83333,3.66667,5,4.5,4.8,3.6,4.4,7.71429,7.42857,2.83333,5.33333,,,
8,"it",803,"RC",3.25,2.125,3.2,2.33333,5,2.875,5.71429,3.33333,4,.555556,.666667,.777778,.666667,9.11111,.777778,7,.555556,9.375,2.125,7,.666667,8.25,.375,5.5,.625,7,1.5,7.66667,2.83333,2.5,1.625,7,5.57143,3.71429,8.25,8.28571,1.125,6.77778,,,
8,"it",805,"AN",5.75,2.5,3.6,1.25,5.33333,5,6.6,5.66667,4.25,7.33333,5.22222,7.33333,5.5,5.875,5.42857,6.14286,4.875,5.85714,8.25,7.55556,7.22222,6.14286,7,5.25,6.875,7.875,6.28571,7.66667,5.6,2.66667,6.85714,4.57143,6.57143,5,2.57143,7.66667,5.5,6.71429,,,
8,"it",808,"VERDI",5.85714,2.71429,1.75,1.16667,6.5,5.16667,6.4,5.6,5.2,1.75,2,.75,1.57143,8.14286,2.14286,6.71429,2,7.71429,2.14286,6.71429,.625,8.66667,.428571,5.57143,1.14286,7.83333,1.16667,7.2,5.2,5,.285714,9.71429,3.16667,6,7.14286,7.83333,.857143,7.66667,,,
8,"it",811,"LN",2.66667,2.77778,2,2.55556,3.25,3.625,4.33333,3.75,1.625,8.55556,7.33333,8.44444,8.11111,5.77778,6.33333,5.22222,6.77778,4.875,8.875,7.88889,8.77778,6.875,7.375,6.5,9.875,9.75,10,7.71429,6.16667,4.16667,8,3,.125,10,4.28571,4,9.75,8.22222,,,
8,"it",814,"UDC",6.33333,2.66667,1.57143,1,6.28571,6,6.14286,6.28571,3.4,5.33333,5,7.44444,4.875,5.22222,4.88889,4.66667,4.44444,4.5,5.875,5.44444,8.22222,7.5,9.375,9.375,4.875,4.875,7.5,5.5,5.66667,3.5,6,3,5.85714,4.42857,3.28571,4.85714,3.75,4.25,,,
8,"it",815,"PDL",4.66667,2.11111,4.5,1.22222,4.375,5.375,6.14286,5.625,5.125,7.55556,7.55556,8.44444,8.55556,6.33333,7.44444,6.33333,8.33333,4.33333,7.625,8.11111,8,5.875,7.5,6.75,8.25,7.875,8.14286,6.42857,3.66667,2.16667,8.875,2.125,3.5,5.625,2.25,6.125,8.375,5.33333,,,
8,"it",827,"SVP",6.4,3,1.25,1.4,6.75,6.25,6.5,6.66667,1.66667,5.75,5.5,6.83333,4.5,4.4,5.4,6,5.4,5,5.5,5.2,4.8,5.75,7.66667,5.8,7.25,5,9,4.75,8,7.66667,3.8,6.8,.5,8.5,3.5,2,2.16667,7.8,,,
8,"it",828,"IDV",6.14286,2.5,1.5,1,6,6,5.83333,6.16667,5,4,4.71429,3.5,3.88889,5.875,4.71429,4.83333,3.75,5,6.14286,8.375,3,5.33333,3.85714,4.14286,3.83333,3.83333,3.66667,5.33333,3.66667,2.16667,3,5,4.33333,4.16667,4,3.83333,2.83333,4.14286,,,
8,"it",837,"PD",6.55556,3.11111,1.875,1.11111,6.375,5.875,6.14286,6.25,4.875,3.22222,3.55556,3.11111,2.55556,8,3.88889,6.22222,2.77778,7.625,4.125,7.33333,3,7,4.25,6.125,3,6.125,3.85714,6.57143,4.2,2.33333,4,5.875,3.625,6.625,3.625,6,2.375,5.88889,,,
8,"it",838,"SL",4.5,2.28571,3,1.42857,5.66667,3.4,6.25,4.25,5,1.625,1.75,.75,1.25,8.5,1.5,6.625,1.125,8.71429,2.28571,6.625,.5,8.42857,.571429,4.85714,1.28571,7,1.83333,7.5,3.4,2.16667,1.16667,8.2,4.66667,4.83333,7.66667,7,1,6.28571,,,
8,"it",839,"PSI",5.75,2.75,2.33333,1.25,7,6.5,6.66667,7,5.5,4.14286,3.33333,1.5,3.8,5.2,5,6.75,2.75,6.5,2.75,5.5,1.16667,7.75,.75,6,2.8,3.6,3,5.66667,3.8,2,4.2,6,4.8,3.4,5,5.8,2.6,3.6,,,
8,"it",840,"MpA",4.66667,1.8,1,1.33333,5.66667,5,6.75,4,,6.28571,4.5,6.83333,4.42857,4,4.4,3.4,3.25,6.5,4,2.75,5.25,5.66667,8,7.5,5.66667,5.5,8.66667,4.33333,6.5,4.16667,7.8,2.4,2.16667,7.6,3.33333,3,7.5,5.33333,,,
8,"it",841,"PCI",3.75,2.25,1.75,2,5.66667,3,6.33333,5.5,4,.8,1,1.28571,.833333,8.83333,1,7.2,.714286,9.16667,3.66667,7.33333,2.2,9.2,1,5.33333,1.4,7,2,6,3.8,2.6,1.4,7.4,2.4,6.4,7.4,7.4,1.33333,6.71429,,,
8,"it",842,"SD",5.75,2.5,1.75,1,6.25,5,6.5,5.33333,4.66667,2.14286,1.85714,1.14286,1.16667,8.5,1.16667,8.6,1,9,3.25,6.66667,.666667,9,.6,5.66667,1.33333,7.66667,1.16667,7.5,3.6,3,1.66667,7.33333,4.2,4.6,6.5,7.16667,1.16667,7.42857,,,
10,"neth",1001,"CDA",5.28571,2.64286,2.91667,1,5,5.81818,5.25,5.1,3.66667,6.28571,6.5,7.14286,6,6.23077,6.25,6.1,6.09091,5.27273,7.09091,6.09091,5.90909,5.27273,7.72727,7.45455,7,6.27273,7,6.09091,7.6,5.6,7,3.90909,5.75,3,2.4,6.2,6,5.5,,,
10,"neth",1002,"PvdA",5.28571,2.78571,4.66667,1,5.4,5.18182,5.125,5.3,4.84615,3.85714,3.57143,4,3.46154,6.53846,4.5,6.54545,3.45455,6.63636,4.63636,5.54545,3,5,3.45455,3.54545,5.18182,6,5.09091,6.27273,3.33333,3.44444,4.54545,4.63636,5.5,2.85714,5.3,5.9,4,5.8,,,
10,"neth",1003,"VVD",3.92857,2.57143,3.53846,1.21429,4.3,6.53846,3.875,4.6,2.76923,7.85714,8.28571,4.78571,8.46154,7.46154,8.75,7.54545,8.54545,6.81818,7.90909,7.90909,3.45455,5.27273,2.72727,3.27273,8.45455,7.45455,7.90909,7.36364,4,3.44444,8.54545,3.72727,6,2.85714,2.1,6.1,7.1,6.9,,,
10,"neth",1004,"D66",6.64286,3.5,1.5,1,6.63636,6.5,5.375,6.36364,5.5,5,5.5,1.57143,5.38462,6.38462,6.91667,7.36364,5.90909,5.90909,2.27273,6.27273,.909091,6.90909,1.54545,4.27273,3.36364,6,2.72727,6.18182,2.66667,4.11111,3.81818,5.81818,3.4,4.57143,4,4.9,3.1,6.1,,,
10,"neth",1005,"GL",6.21429,2.92857,2.16667,1,6.36364,5.33333,5.25,5.5,5.61538,2.57143,3,1.92857,2.38462,6.69231,3.75,6.18182,2.81818,6.09091,2.45455,6.36364,1.36364,6.72727,2,3.81818,2.63636,6.09091,2.36364,6.27273,2.66667,3.33333,1.54545,8.81818,4.5,3.14286,5.6,5.1,2.1,6.6,,,
10,"neth",1014,"SP",2.42857,2.71429,1.5,2.66667,3.55556,2.18182,3.14286,2.44444,2.54545,1.64286,1.5,5.21429,1.38462,8.07692,1.33333,7.90909,1.27273,8.09091,4.7,5.45455,3.90909,4.3,2.9,3.54545,6,6.18182,6.2,6.27273,4,3.55556,5.36364,3.72727,4.75,2.71429,7.2,5.3,4.4,5.3,,,
10,"neth",1016,"CU",3.78571,2.28571,1.81818,1.58333,4.4,4.6,4.5,4,2.83333,5.35714,5,7.42857,4.75,5,4.81818,4.63636,4.4,5,5.8,4.6,6.36364,7,9,9.27273,4.9,5.09091,6.6,5.45455,6.44444,5.75,4.66667,5.2,4.5,4,4.28571,4.375,5.22222,6,,,
10,"neth",1017,"PVV",1.35714,3.42857,.818182,2.85714,1.5,3.2,2,1.7,1.07143,8.61539,5.23077,7.15385,5.66667,5.83333,4.7,5.7,5.5,4.6,9.36364,8.72727,4.7,5.9,2,5.22222,10,9.90909,10,10,5.57143,3.66667,8.1,2.6,6.25,3,7.1,5.1,9.7,9.5,,,
10,"neth",1018,"PvdD",3.625,1.76923,1.8,1.7,4.25,4.2,4.2,3.4,3.8,3.36364,3.55556,3.8,3.57143,2.9,4,2,4.16667,2,4.2,2.75,2.8,4.25,4.8,2.71429,3.5,2.66667,3.75,2.66667,2.5,4.22222,1.625,8.625,5,3,5,2.14286,4.33333,3.28571,,,
10,"neth",1019,"SGP",3,2,.9,2.11111,3.33333,4.14286,4.33333,3.125,1.90909,7.78571,6.5,9.28571,6.6,4.08333,5.55556,3.2,6.625,3.77778,8.5,4.77778,9.6,8.1,10,10,8.125,5.22222,8.5,5.375,7.88889,5.77778,6.5,3.5,4.75,3.85714,4.16667,4,7.71429,5.25,,,
11,"uk",1101,"CON",2.26667,2.66667,5.4,2.07143,2.33333,5.69231,3.41667,2.75,5.33333,7.13333,7.64286,6.26667,7,7.14286,7.35714,7.16667,6.64286,5.23077,6.92857,6.53846,4.85714,5.41667,5.75,3.54545,7.57143,7.46154,6.91667,6.61538,7,5,6.23077,4.33333,5,4.91667,3.07692,5.08333,5.25,4.72727,,,
11,"uk",1102,"LAB",4.8,2.13333,3.6,1.06667,4.58333,5.76923,5.41667,5.08333,5.58333,4,4,4.06667,2.86667,7.28571,4.42857,5,3.35714,5.53846,6.07143,5.53846,2.35714,4.41667,4.25,2.18182,5.57143,5.84615,3.83333,5,2.72727,2.75,5.23077,3.92308,3.75,4.91667,2.92308,5.16667,3.33333,4.45455,,,
11,"uk",1104,"LIB",6,2.73333,1.86667,1,5.75,6.07692,5.5,6,5.75,5,5.64286,2.73333,4.46667,7,5.78571,5.08333,4.28571,5.84615,3.28571,6.38462,1.14286,6.41667,3,2.09091,3.71429,5.69231,3.41667,4.92308,5.72727,3.54545,4.15385,5.30769,2.08333,5.83333,4.53846,5.5,2.58333,4.18182,,,
11,"uk",1105,"SNP",5.13333,2.35714,2.63636,1.14286,4.5,4.72727,5.81818,4.55556,4.44444,3.33333,2.92857,3.58333,2.69231,7.08333,3.75,4,2.76923,5.27273,4.8,4.88889,3.09091,4.875,3.6,2.66667,3.72727,4.33333,4.57143,4.375,5.5,3.88889,4,4.85714,1.08333,8.18182,5.75,2.66667,3.375,4.28571,,,
11,"uk",1106,"PLAID",5,2.36364,2.63636,1.42857,4.54545,4.54545,5.81818,4.55556,4.44444,3,2.61538,3.23077,2.46154,7,3.54545,3.66667,2.4,6,4.5,5,3.33333,5.28571,3.44444,2.71429,3.88889,5.125,4.42857,4.71429,6.71429,4,3.44444,5.22222,1.25,8.33333,6.25,3.11111,3.83333,4.42857,,,
11,"uk",1107,"GREEN",4.69231,2.42857,2.45455,1.33333,4.8,3.66667,5,4.11111,4.875,2.53333,1.92308,1.42857,2,6.5,2.30769,4.45455,2.07692,5.55556,2,5.33333,.846154,6.45455,1.90909,2,2.5,4.27273,2.66667,4,4.875,2.77778,.615385,9,1.8,6.22222,7.9,4.9,2.22222,5.625,,,
11,"uk",1108,"UKIP",1,4,.933333,3,1.08333,2.16667,1.16667,1.08333,1.18182,8.78571,8.16667,7.61538,7.5,3.66667,7.375,3.875,7.55556,4,8.33333,5.90909,7.18182,4.54545,5.88889,3.4,9.46154,8.58333,9.3,8.63636,6.71429,4,7.28571,2,7.375,4.33333,5.85714,4,8.81818,6.8,,,
11,"uk",1109,"BNP",1.2,3.26667,1.45455,3,1.25,1.90909,1.27273,1.16667,1.1,9.92857,5.84615,9.53333,3.75,3.11111,2.66667,2.25,3.66667,3.71429,9.91667,8,9.61539,7.6,6.77778,3.88889,10,10,10,9.91667,3,4.375,7.66667,1.88889,8.85714,3.375,4.5,3.11111,9.84615,9.58333,,,
12,"por",1201,"CDU",3,2.5,.833333,2.66667,4.75,2,6.16667,2.16667,5,.666667,.5,1.66667,.5,8.33333,.166667,5.6,.166667,9.16667,2.66667,5.5,2.16667,2.6,.4,3.6,2.16667,3.66667,3,2.66667,5.2,5.33333,3.83333,3.33333,4.33333,4,7,2.5,1.75,2,,,
12,"por",1202,"CDS/PP",5.5,2.83333,2,1.16667,4.2,4.6,6.5,5.2,4,8,8.16667,8.8,8.33333,7.16667,7,6.6,6.33333,4.33333,9,7.66667,9.16667,5.2,8.6,8,8.5,7.33333,7.8,5.5,8,6.16667,6.8,2.66667,6.4,3.2,2.66667,2.33333,7.4,4.66667,,,
12,"por",1205,"PS",7,3.5,1.5,1,6,6.4,7,6,5.25,4.16667,4,2.33333,2.66667,7.83333,4,4.6,3,6.33333,3.5,5.83333,1.5,6,2.2,4.2,4.33333,3.66667,2.6,3.5,3.25,3.2,4.5,3.5,3.5,4.33333,3,2.66667,2.75,2.2,,,
12,"por",1206,"PSD",6.66667,2.83333,2.16667,1,5.6,6.6,7,5.83333,5,6.66667,7,6.83333,7.5,6.83333,6,6.2,5.5,5.33333,5.5,4.83333,6.5,3.6,6,4,6,3.83333,5.2,2.5,5.2,3.5,6.16667,2.66667,4.16667,3.33333,3.16667,2.33333,5,2,,,
12,"por",1208,"BE",3.66667,2.66667,1.83333,2,5.6,3.4,6.16667,4.16667,5,1.16667,1,.166667,.5,8,.5,6.6,.166667,9.16667,.5,6.83333,0,9.2,.2,4,.333333,7,.6,6,1.6,5,2,4.83333,4.4,2.8,7,3.33333,.6,5.66667,,,
13,"aus",1301,"SPO",5.28571,2.71429,3.53846,1.07143,5.35714,4.57143,5.92857,5,3,3.35714,2.64286,3.92857,2.92857,6.42857,3,5.5,3.07143,6.42857,4,5.07143,3.5,4.57143,3,3.28571,5.21429,6.14286,5.14286,6.35714,3.28571,4.71429,4.92857,4.78571,6.21429,4.5,5.15385,4.28571,4.07143,5.23077,,,
13,"aus",1302,"OVP",6.42857,2.92857,2.42857,1,5.71429,6.57143,6.21429,6.14286,2.71429,7.07143,6.85714,7.21429,7.14286,6.5,7,6.71429,6.71429,5.57143,7.28571,6.92857,7.21429,5.71429,7.78571,6.78571,8.07143,7.92857,8.07143,7.78571,7.21429,6.57143,6.64286,4.85714,3.21429,6.14286,4.07692,4.78571,6.07143,5.53846,,,
13,"aus",1303,"FPO",1.92857,3.21429,2.28571,2.92857,3.35714,2.64286,3.42857,2.35714,1.07143,8.92857,5,8.71429,5.57143,5.5,5.07143,5.28571,4.85714,5.14286,8.71429,8.57143,8.21429,6.57143,7,6.5,9.5,9.78571,9.57143,9.57143,4.57143,5.07143,6.64286,3.5,4.5,4.28571,6,4.5,8.92857,8,,,
13,"aus",1304,"Grune",6.07143,2.78571,2.53846,1.21429,6.30769,5,6.16667,5.28571,5.35714,2.28571,2.21429,1.5,2,6.71429,2.35714,5.5,2,6.28571,1.71429,7.42857,.857143,8.07143,1.85714,3.71429,1.5,7.92857,1.64286,7.85714,3,5.57143,1.14286,8.57143,4.21429,4.78571,6.23077,5.14286,1.85714,8.07692,,,
13,"aus",1307,"BZO",2.42857,2.69231,2.84615,2.75,3.35714,3.21429,3.84615,2.85714,1.21429,8.28571,7.28571,7.78571,7.28571,6.21429,7.78571,6.78571,6.42857,5.07143,7.71429,7.5,7.35714,6.42857,5.84615,5.21429,8.57143,8.64286,8.78571,8.5,4.61538,4.57143,7.21429,3.57143,4.54545,4.76923,6,4,8.07143,7.07692,,,
13,"aus",1308,"MARTIN",3.83333,3.90909,1.33333,2,5.09091,4.77778,5.14286,4,2.28571,4.77778,3.71429,5,4.6,4,4,3.875,4.2,4.57143,4.77778,4.88889,3.85714,3.42857,3.375,3.75,5.625,5.125,6,4.75,4.4,3.25,3.8,2.42857,3.75,3.42857,5.66667,2.57143,5.85714,4.16667,,,
14,"fin",1401,"SDP",5.88889,2.8,3.9,1.3,5.125,5.33333,5.55556,5,4.33333,4,3.6,4.7,3.6,6.8,3.7,6.4,3,6.5,4.3,4.5,4.2,4.5,3.75,3,5.3,4.3,5.6,4.33333,2.3,5.33333,6,4.2,5.88889,4,5.11111,3.55556,4.4,3.875,,,
14,"fin",1402,"KOK",6.44444,3.3,1.5,1,5.77778,6.5,5.55556,6,4.22222,7.5,7.6,4.5,6.6,6.8,7,6.2,6.7,5.4,5.9,5.3,4.5,4.6,4.75,3.375,5.8,4.5,5.5,4.22222,2.5,5.11111,6.7,4.7,6.44444,4.44444,4.55556,4.33333,5.2,3.88889,,,
14,"fin",1403,"KESK",5.4,2.8,5.9,1.8,4.44444,4.9,5.66667,4.125,3.9,5.7,5.3,6.4,5,5.2,4.1,6.22222,4.3,5,5.8,4.7,6.1,4.4,6.375,4.25,5.8,4.6,6.5,4.22222,8.9,8.33333,6.22222,5.3,1.77778,6.88889,5.33333,3.44444,5.9,3.77778,,,
14,"fin",1404,"VAS",4.11111,2.6,4.6,1.77778,4,3.66667,5.55556,3.11111,4,2.2,2,3.4,2.4,7.9,2,7.1,1.7,7.7,3.5,5.3,3.2,5.5,2.125,3.14286,3.7,4.9,4.3,4.55556,3.8,4.77778,3.8,5,4.77778,4.88889,5.88889,4.55556,4,4,,,
14,"fin",1405,"PS",1.66667,3.6,1,3,2.2,2.3,3.25,1.9,1.3,5.4,4.3,7.5,3.9,6,3.1,5.2,2.5,5.8,7.3,6.44444,8.5,6.8,6.55556,5.375,9.1,8.9,9.1,8.875,6.3,5.44444,7.4,4,4,4.625,5.77778,5.22222,8.3,7.4,,,
14,"fin",1406,"SFP",6.33333,3.2,2.3,1,5.11111,6.1,5.66667,5.8,4.9,6.8,7.4,4.1,6.4,5.5,6.4,5.8,5.9,4.7,4,5.5,3,6.1,4.22222,2.57143,2.2,6.7,2.4,6.625,4.9,4.55556,5,4.9,4.22222,4.88889,5.22222,4,1.8,7.7,,,
14,"fin",1408,"VIHR",6.11111,3.2,1.8,1.1,5.9,5.66667,5.625,5.125,5.5,4.6,4.4,2.1,4,5.9,4.55556,5.11111,3.6,4.9,2.6,6.4,1.2,8,1.875,3,2,7.1,2.1,6.77778,2.2,5.22222,1.1,8.8,6.125,4.25,5.11111,4.44444,2.3,5.5,,,
14,"fin",1409,"KD",3.77778,2.4,4,2.2,3.77778,4.22222,5.125,3.125,2.44444,6.6,4.7,8.1,4.6,5.4,4.22222,4.55556,4,4.8,6.3,5.33333,8.2,7.4,9.33333,8.875,6,5.55556,6.88889,4.85714,5.77778,4.88889,5.33333,3.9,4.625,3.25,5.22222,3.22222,5.44444,3.77778,,,
16,"swe",1601,"V",2,3.2,2.66667,2.93333,3.92308,2.26667,3.77778,1.66667,5.58333,1.42857,1.21429,3.14286,1,9.14286,1.42857,6.92308,1.07143,8.78571,1.92857,5.28571,.928571,7.07143,.928571,4,1.35714,6.71429,1.30769,6.08333,4.07143,3.78571,1.92857,7,4.66667,4.75,7.64286,7.35714,2.38462,6.23077,,,
16,"swe",1602,"SAP",6,2.46667,5.13333,1.13333,4.69231,4.73333,5.07143,4.86667,5.93333,3.28571,3.42857,4.21429,2.5,7.71429,3.57143,5.76923,2.42857,7.57143,4.78571,5.07143,2,5.21429,2.23077,3.21429,3.35714,5,2.75,4.83333,4.35714,3.57143,4.57143,5.92857,4.83333,4,3.71429,5.28571,3.61538,5,,,
16,"swe",1603,"C",5.73333,2.6,4.13333,1.2,4.69231,6.06667,5.78571,5.46667,5.86667,7,7.28571,5,7.42857,7.14286,7.5,7.30769,6.14286,5.92857,6.21429,5.71429,3,5.30769,3.69231,4.07143,4.5,4.78571,4.41667,4.58333,6.42857,6.07143,4.21429,6.35714,2.85714,6,2.92857,5.07143,4.75,4.07692,,,
16,"swe",1604,"FP",6.86667,3.66667,1.4,1,6.14286,6.66667,5.5,6.53333,6.2,7.07143,7.57143,3.69231,7.42857,7.28571,7.92857,7.15385,6.28571,5.92857,6.07143,7,1.76923,5.92308,2.76923,4.28571,4.71429,5.85714,3.91667,5.66667,3.21429,3.78571,5.64286,5.14286,5.09091,3.66667,2.5,6.14286,4,5.23077,,,
16,"swe",1605,"M",6.33333,2.93333,2.26667,1.06667,4.61538,6.33333,5.07143,5.93333,6,7.28571,7.5,5.21429,7.57143,8,7.28571,7,6.42857,6.07143,7.14286,6.85714,3.21429,5.14286,3.46154,3.92857,5.35714,5,4.33333,4.58333,3,3.42857,5.92857,4.64286,5.16667,3.84615,2.78571,5.92857,4.46154,4.07692,,,
16,"swe",1606,"KD",5.93333,2.73333,3.73333,1.2,4.76923,5.86667,5.35714,5.71429,5.66667,7.07143,7.07143,7,7.14286,7.07143,7.21429,6.76923,6.07143,5.85714,7,6.57143,6.35714,7.5,7.07143,7.28571,4.57143,5,5.25,5.08333,5.21429,4.35714,5.21429,4.85714,3.81818,4.33333,3.28571,5.15385,4.61538,4.41667,,,
16,"swe",1607,"MP",3.4,3,4.8,2.2,4.38462,3.33333,4.41667,2.73333,5.76923,3.5,3.64286,2.84615,2.85714,7.28571,3.92857,5.61538,3.21429,6.42857,2.71429,5.28571,1.28571,6.42857,2.14286,3.92857,1.64286,5.85714,1.83333,5.91667,4.92857,4.35714,1.07143,8.85714,2.92308,5.53846,6.78571,5.92857,2.69231,5.46154,,,
16,"swe",1609,"JL",2.26667,4,1.5,2.58333,3.1,4.18182,3.2,2.3,4.25,5.27273,5.22222,4.2,5,2.57143,5.33333,3.14286,5.4,2.85714,5,4.85714,4,2.8,4,2.6,4,2.83333,5,2.5,6,2.33333,5.25,2.75,3.75,3.8,5,2.33333,5,3.33333,,,
16,"swe",1610,"SD",1.61538,2.84615,1.90909,2.81818,2.14286,2.2,2,2.11111,1.18182,8.38461,5.54545,8.25,5,3.44444,4.71429,2.88889,4.88889,3.44444,9.3,8.5,8.76923,7.83333,5.54545,6.1,9.78571,9.57143,9.75,9.69231,5.14286,4.28571,6.3,3.25,5.28571,3.11111,7.125,5.375,8.83333,8.5,,,
16,"swe",1611,"PIRAT",3.8,2.6,2.5,2,5.16667,4.66667,3.33333,3.33333,4.5,5.11111,6.2,2.125,6,2.33333,7.8,4.8,6,1.66667,1.28571,8.28571,1.4,5.5,1.66667,3,2.33333,3.2,2.5,3,3.66667,1.8,4,2.5,4.5,1.75,5,1.33333,2,2.33333,,,
20,"bul",2001,"NDSV",6.54545,3.5,1.77778,1,6,6.25,6.88889,6.25,5.55556,5.81818,6.18182,4.2,6.1,5.375,7.125,6.5,6.88889,4.5,3.4,6.77778,5.1,4.1,4.54545,3.44444,4,3.83333,4.33333,3.5,2.14286,4.875,6.25,3.85714,3.42857,3.875,3.5,4.71429,3.22222,5.66667,,,
20,"bul",2002,"ODS",6.72727,3.6,.666667,1,5.71429,6.625,6.66667,6.25,5,7,7.45455,3.81818,7.3,5.66667,7.75,7.42857,7.1,5.75,4.09091,7.11111,4,4.5,4.54545,3.44444,4.16667,3.57143,5,3.83333,1.875,5.375,5.14286,4.71429,3.28571,4.625,3.28571,5.14286,3.72727,5.6,,,
20,"bul",2003,"KzB",6,2.81818,3.6,1.54545,5.5,5.25,6.4,5.5,4.4,3,2.54545,6.27273,2.63636,5.9,2.55556,5.42857,3.4,6.6,5.18182,6,5.7,4.2,3.54545,2.7,5.375,4,6.5,4.16667,6.88889,7,6.125,3.14286,6.85714,3.625,5.75,4.25,5.18182,5.8,,,
20,"bul",2004,"DPS",5.81818,2.54545,2.75,1.18182,5.6,5.14286,6.5,5.75,6.72727,4.27273,3.18182,7.63636,3.2,6,3.125,5.57143,3.5,6.625,5.6,5.9,7,4.125,6.09091,4.7,5.625,4.71429,4.6,4.66667,9.1,8.8,7,3,4.5,5.5,5.57143,3,1.18182,9.81818,,,
20,"bul",2007,"NOA",2.5,2.45455,2,2.72727,3,2.75,5,2.28571,1.27273,6.27273,2.9,9.27273,3.22222,5.5,1.42857,4.83333,2.44444,8.25,9.27273,8,9.3,7.2,6.63636,5.11111,8.625,6.11111,8.85714,7.25,4.125,5.25,7.28571,2.85714,6.85714,4.5,8.25,5.875,9.54545,9.45455,,,
20,"bul",2008,"DSB",6.45455,3.36364,.9,1,5.28571,6.5,6.66667,6.14286,4.4,8.08333,8.18182,4.36364,8.3,6.1,8.22222,8.14286,7.66667,6.125,4.75,8,4.33333,4.1,5.3,4.22222,5,3.71429,6.14286,4.57143,1.375,4.875,6,4.14286,3.28571,4.75,3.85714,4.71429,4.7,6,,,
20,"bul",2009,"BNS",6,2.85714,2,1.2,4,4.8,5.5,5.2,3.71429,6.14286,5.625,6.14286,4.875,5,5.5,4.33333,5.5,5,5.5,4.66667,6.6,4.4,4.2,2.75,5.33333,3.5,6.33333,3.66667,6.4,6,5.5,3.5,4.66667,3.8,5.5,3,5.4,6,,,
20,"bul",2010,"GERB",6.72727,3.72727,.5,1,5.71429,6.25,6.7,6.25,5,6.08333,6.27273,6.90909,5.81818,5.3,6.22222,5.28571,6,5.8,8.83333,8.5,7,4.22222,4.90909,2.9,6.44444,4.85714,7,4.16667,3.875,4.875,6.75,3.42857,4.625,4.44444,3.875,4,5.63636,5.3,,,
20,"bul",2011,"L",4,1.66667,7,2,3.5,3,5,3,2,6,4.42857,8.2,5.16667,4.83333,5.5,4.75,4.5,4,6,4.5,7.2,4,4.5,2.5,5,3.33333,5,2.5,6,2.75,8,2.4,2,0,5,1.66667,5.33333,4,,,
20,"bul",2012,"RZS",4.22222,2.1,4.4,2,4,4,5.2,3.4,2.66667,6.5,4.16667,8,3.4,4.71429,4.25,4.5,4.16667,4.2,7.9,7.11111,8,6.22222,6.6,3.85714,8.33333,4.85714,7.25,5,5,3.66667,6,3.33333,7,3.8,6.66667,4.6,6.8,6.66667,,,
21,"cze",2101,"CSSD",6.15789,3,1.72222,1,5.5,5.52632,6.33333,5.63158,4.35714,2.89474,2.52632,3.57895,2.29412,7.11765,2.8125,5.11765,2.3125,7.52941,5.47059,4.88235,2.64706,4.3125,2.11765,3,5.8,3.6,5.33333,3.71429,3.625,3.2,5.70588,4.3125,4.53333,4.35294,5.875,4.64706,5.5,4.17647,,,
21,"cze",2102,"ODS",3,2.94737,5.22222,1.94737,2.83333,6.21053,4.61111,2.31579,4.8125,7.73684,8.26316,6.11111,8.23529,8.23529,8.25,8,8.25,7.47059,5.70588,4.88235,5.41176,4.0625,3.76471,3.47059,6.53333,3.66667,7.6,3.64286,2,2.73333,8.05882,4.3125,6.33333,4.05882,2,6.11765,7.25,4.23529,,,
21,"cze",2103,"KSCM",2.52632,2.36842,2.05556,2.63158,3.27778,2.77778,4.94118,2.21053,3.76923,1.10526,.578947,5.66667,1,6.88235,.5625,4.88235,.625,8.11765,7.25,5.47059,4.82353,3.8125,.588235,3.94118,7,4,6.86667,3.85714,5.46667,4.4,6.9375,3.26667,6.35714,3.4375,8.5625,6.76471,6.26667,4.0625,,,
21,"cze",2104,"KDU-CSL",6.05263,2.94737,1.66667,1.11111,5.52941,5.5,6.17647,5.64706,2.33333,5.26316,4.84211,8,4.4375,5.5625,4.5,4.8125,4.1875,5.94118,7.375,6.41176,8.41177,7.375,8,7.64706,6.6,4.2,7.93333,5.07143,7.625,6.8,6.1875,4.46667,3.93333,4.94118,4.0625,4.23529,7.06667,4.1875,,,
21,"cze",2107,"SZ",6.70588,3.72222,1.11765,1,6.4,5.82353,6.4375,6.05556,5.25,5.33333,5.21053,1.68421,4.6,5.29412,4.66667,4.93333,4.71429,4.47059,2.76471,5.6875,.764706,6.8125,1.94118,3.11765,3.13333,4.4,1.85714,4.71429,3.26667,3.85714,2.35294,9.125,2.13333,5,5.4,4.82353,2.75,5.58824,,,
21,"cze",2109,"TOP09",5.77778,2.94118,2,1.16667,5.2,6.52941,6,5.58824,4.36364,7.89474,8.36842,5.83333,8.94118,8.8125,8.875,8.52941,8.75,7.52941,5.26667,5.3125,5.1875,4.75,4.76471,4.1875,5.38462,3.66667,5.92308,3.71429,2.53846,3.93333,6.88235,4.6,4.1875,4.4,2.625,5.64706,5.78571,4.13333,,,
21,"cze",2110,"VV",4.91667,1.91667,2.44444,1.2,4.14286,5.33333,5.6,4.44444,3.71429,5.88889,5.89474,4.3125,5.5,5.92857,5.35714,5.4375,5.58333,4.69231,7.58824,6.875,4.61538,4.07692,3.09091,2.27273,6.61538,4.64286,6.61538,4.14286,2.16667,3.38462,7,3.45455,3.26667,4.41667,4.63636,4.33333,6.86667,5.2,,,
22,"est",2201,"IRL",6.5,3.35714,1.38462,1,6,6,6.4,6.27273,4.375,7.23077,7.57143,6.57143,6.71429,6.92857,7.07692,5.91667,7,6.76923,6.41667,5.77778,7.25,3.7,6.25,3.5,6.77778,5.44444,8,6.7,4.16667,4.08333,6.58333,2.90909,6,4.11111,1.72727,6.27273,7.66667,7.08333,,,
22,"est",2202,"EK",5.28571,2.57143,3.58333,1.57143,5,5.16667,6,5.63636,4.85714,3.46154,3.07143,5.42857,2.71429,7.57143,4.23077,6.41667,2.35714,8.46154,5.41667,5.1,5.09091,2.5,3.27273,1.4,5,3.77778,4.3,5.66667,4.91667,4.58333,6,2.81818,4,4.44444,5.33333,4.16667,3.16667,7.5,,,
22,"est",2203,"ER",6.78571,3.35714,1.30769,1,5.7,6.66667,6.4,6.45455,5.375,7.07692,8.57143,4.85714,7.85714,8.35714,7.92308,7.25,8,7.76923,5.41667,4.8,4.72727,2.8,4.41667,1.3,5,4.11111,6.4,3.7,2.58333,3.41667,7.30769,3.16667,6.33333,2.88889,2.08333,5.33333,5.91667,4.58333,,,
22,"est",2204,"SDE",6.57143,3.14286,1.38462,1.14286,5.8,6.08333,6.3,6.36364,5.66667,3.23077,3.14286,3,2.35714,6.57143,3.92308,5.5,2.5,7.69231,4.25,5,2.58333,4.5,2.33333,1.2,4.22222,3.55556,3.5,4.55556,3.58333,3.66667,4.90909,3.72727,3.88889,3.11111,3,4.81818,3.58333,5.25,,,
22,"est",2206,"ERL",4.57143,2.42857,4.4,1.84615,4.125,4.36364,6,5.375,3.8,4,3.42857,7.14286,3.35714,5.64286,3.92308,5.63636,3.28571,6.16667,6.16667,4.33333,7.25,2.3,4.2,1.6,7.88889,3.77778,7.5,4.5,9.23077,8.61539,4.66667,6.36364,2.44444,7.22222,5.1,3.1,6.36364,4.90909,,,
22,"est",2207,"EER",5.84615,2.61538,2.77778,1.23077,4.85714,6.14286,6.33333,6,4.83333,4.54545,5.33333,2.83333,4.54545,4.46154,5,3.09091,4.66667,3.45455,3.36364,4.22222,3,2.66667,2.77778,1.11111,5,2,4.71429,2.66667,4.6,4.7,2.07692,8.23077,3.14286,3.14286,4.5,2.44444,4.5,3.11111,,,
23,"hun",2301,"MSZP",6.64706,3.41176,2,1,6,6.17647,6.47059,6.2,5.5,3.35294,4.17647,3.88235,3.9375,6.1875,4.6875,4.4375,3.5625,5.875,3.3125,6.375,3.125,4.6875,1.75,3.73333,4,3.61538,3.42857,4.23077,4.13333,4.5,5.46667,3.07143,4,4.14286,3.64286,3.35714,3.5625,4.25,,,
23,"hun",2302,"FIDESZ",5.35294,3.05882,3,1.41176,5.30769,4.9375,6.05882,5.06667,4.7,6.88235,3.41176,7.23529,6.9375,7.625,4.125,5.625,5.4375,6.8125,7.5625,6.25,7.1875,5.6875,8.1875,7.8125,6.46154,4.69231,7.21429,4.53846,6.73333,5.4,6.42857,3,7.28571,5,4.21429,3.35714,5.6,5.125,,,
23,"hun",2303,"MDF",5.92857,2.91667,2.9,1.33333,5.125,5.72727,6,5.4,4,6.33333,5.93333,6.4,5.92308,6.16667,5.90909,5.36364,5.75,5.08333,5.46154,5.5,5.69231,5.92308,6.91667,6,5.55556,4.33333,6.08333,4.54545,5.83333,4.91667,5.8,3.09091,5.7,4.18182,5.2,3.08333,5.27273,5.18182,,,
23,"hun",2304,"SZDSZ",6.6,3.30769,1.63636,1,6.09091,6.76923,6.25,6.08333,5,4,6.75,1.42857,6.75,7.09091,7.27273,5.72727,6.09091,5,1,8.58333,2.53846,7.58333,1.16667,4.90909,2,5.125,1.36364,6,1.72727,6.54545,4.44444,3.9,3.33333,4.66667,3.3,3.4,2.16667,5.66667,,,
23,"hun",2307,"KDNP",4.88235,2.4375,3.15385,1.73333,4.84615,4,5.47059,4.64286,3.3,7.58824,3.05882,8.29412,6.4,7.14286,3.46667,4.8,4.35714,6.5,8.1875,5.93333,8.2,6.5625,9.1875,8.8,6.69231,5,7.92857,5.07692,6.85714,5.57143,6.28571,2.57143,7.28571,4.57143,4.85714,3.14286,6.26667,4.6875,,,
23,"hun",2308,"JOBBIK",2.35294,2.70588,3.35714,2.6875,2.58333,2.25,4.30769,1.92857,2.92857,9.47059,3.125,9.41177,4.72727,6.66667,2.5,5,3.75,7.53846,9.625,6.875,8.9375,8.4,8.4375,7.5,7.8125,7.42857,8.71429,6.23077,7.92857,6.21429,5.78571,2.71429,6.41667,4.76923,8.14286,4.35714,9,7.75,,,
23,"hun",2309,"LMP",6.47059,3.3125,1.23077,1,6.33333,5.5,6.1875,5.84615,5.66667,3.52941,3.6875,1.41176,4.46667,6.06667,4.875,5.625,4.46667,5.46667,1.53333,7.75,1.9375,7.6875,1.4,3.8,3,4.07692,2.15385,5.92308,3.71429,5.85714,.8,8.92857,2.64286,5.07692,6.09091,3.78571,2.0625,5.5625,,,
24,"LAT",2405,"ZZS",4.125,2.75,5.57143,1.66667,4.14286,4,5.25,4.57143,3.6,5.44444,4.33333,6,4.75,4,4.28571,5,4.55556,5,5.85714,4,7.75,4.875,3.625,2.5,6.42857,6,6.5,5.375,7.77778,8.125,4.42857,7.14286,2.16667,7.16667,5.125,4.16667,6.33333,5.11111,,,
24,"LAT",2406,"NA",4.44444,2.55556,5.25,1.44444,4.85714,4.375,5.5,5.25,3,7.75,5.11111,6.66667,5,4.42857,4.71429,4.42857,5.55556,4.375,5.57143,4.33333,8.125,5.375,3.625,3,6.71429,8.57143,9.25,7.875,6.25,6.42857,5,5.28571,4.5,5.2,3.25,5,9.22222,8.33333,,,
24,"LAT",2410,"SC",3.11111,2.33333,5.75,2.42857,4.42857,3.85714,5,3.125,3.8,3.25,2.33333,5.33333,3.125,4.85714,3.28571,5,2.55556,5.375,5,5.16667,7,5,3.25,3.25,4.71429,6.57143,1.875,7,3.125,4.71429,6.16667,4.66667,3.66667,5.4,6.75,3.57143,1.22222,9.11111,,,
24,"LAT",2411,"ZRP",6,3.125,5.28571,1,4.66667,5.14286,5.83333,5,4.4,6.375,6.66667,5.14286,5.875,5.71429,6,5.57143,5.77778,5.5,4.16667,5.6,5,5.28571,3.125,3.125,4.83333,6.16667,3.75,6.625,4.375,4.71429,5.33333,5.16667,3.66667,5.4,3.57143,4.28571,3.33333,6.25,,,
24,"LAT",2412,"V",6.22222,3.55556,5.125,1.11111,5.42857,5.75,6,5.875,4.85714,6.75,6.55556,5.25,5.375,5.14286,5.57143,5.42857,5.77778,5.375,4.57143,4.83333,5.42857,4.25,3.375,3,5.14286,5.71429,6.125,6.125,4.625,5.42857,5.28571,5.14286,4.83333,5.4,3.5,4.85714,5.55556,5.77778,,,
25,"lith",2501,"LSDP",6.53846,2.84615,3.66667,1,5.55556,5.90909,6.75,6.27273,4.6,4.15385,4.30769,4.30769,3.5,6.63636,4.33333,5.33333,3.92308,5.25,4.16667,5.16667,5.08333,4.83333,3.16667,3.58333,4.88889,2.3,5,1.8,4,4,5.66667,2.11111,5.16667,3.27273,3.91667,4.25,4.16667,4.33333,,,
25,"lith",2504,"NS",6.2,2,5.14286,1.09091,4.83333,5.66667,6.55556,5.44444,4,4.07692,4,5.33333,3.44444,4.71429,4.88889,4,4,4.6,4.81818,3.5,6.25,2.77778,3.4,1.6,4.85714,1.625,4.85714,1.55556,4.33333,3.08333,4.75,1.44444,5.09091,2.625,4.9,2.81818,4.11111,3.4,,,
25,"lith",2505,"LiCS",6.07692,2.41667,4.11111,1.15385,4.44444,6.5,6.25,5.5,4.22222,6.23077,6.75,4.08333,6.09091,5.55556,6.33333,5.72727,5.92308,4.58333,4,4.66667,4.18182,4.41667,3.75,2.41667,4.66667,2.8,4.66667,1.7,2.53846,3.33333,5.55556,1.66667,4.16667,3.1,4,3,4.4,4,,,
25,"lith",2506,"TS",6.69231,3.38462,4.76923,1,5.22222,6.08333,6.66667,5.90909,3.8,6.61538,5.69231,7.84615,5.08333,5.81818,5.83333,5.08333,4.69231,4.91667,5.41667,5.41667,8.41667,6.08333,7.76923,6.83333,5.88889,3,6.88889,3.1,4.69231,3.83333,5.44444,2.22222,4.75,3.45455,3.08333,4.83333,5.66667,4.75,,,
25,"lith",2507,"LVLS",5.09091,2.33333,3.44444,1.25,5,4.88889,6.81818,4.6,3.22222,3.46154,3.30769,6.92308,2.90909,5.7,3.8,4,3.41667,5.54545,5.6,4.81818,7.55556,4.18182,5.5,3.1,5.625,2.33333,5.5,2,8.84615,8.91667,6,3,3.41667,5.45455,5.66667,2.3,4.55556,4.09091,,,
25,"lith",2511,"LLRA",5.55556,2.36364,2.625,1,5.375,5.28571,6.33333,5.16667,3.83333,4.75,4.125,8.2,3.625,3.875,3.75,3,4,3.71429,7.14286,4.88889,8.875,5.55556,7.63636,5.81818,5.42857,3.125,1.75,3.875,6.5,4.75,6.42857,1.375,2.5,6.27273,5.2,2.625,.416667,9.5,,,
25,"lith",2515,"TT",4.61538,2.33333,3.63636,1.61538,4.375,5.11111,6.18182,4.9,3.33333,6.25,4.84615,8.61539,3.27273,6.2,4.6,5.09091,3.33333,4.72727,8,6.66667,9,6.81818,6.36364,3.9,6.44444,3.3,7.22222,4.09091,5.83333,4.36364,6.55556,1.33333,4.33333,4.45455,5.45455,3.72727,5.81818,4.33333,,,
25,"lith",2516,"DP",5.53846,2.58333,3.1,1.16667,4.875,5.9,6.5,4.8,4,4.58333,5.16667,5.16667,5.5,5.8,5.91667,4.66667,5.23077,4.33333,4.90909,4.08333,6,3.91667,4,2.4,4.11111,2.3,4.77778,1.9,3.83333,3.27273,6.22222,1.33333,4.54545,3.3,5,3.2,4.27273,4.08333,,,
25,"lith",2517,"TPP",5.55556,1.90909,3.4,1.25,4.33333,5.125,6,4.85714,4.5,5.44444,5.77778,4.5,5.71429,5.14286,6.75,2.125,6,5,4,4.28571,3.875,4.5,4.71429,1.88889,4.4,1.14286,4.6,1.14286,2.22222,2.7,5.42857,1.55556,4.75,2.57143,3.6,1.75,5,3.16667,,,
25,"lith",2518,"LRLS",6.38462,2.91667,4.4,1,5.22222,6.72727,6.08333,5.7,4.66667,7.23077,7.92308,2.46154,7.33333,7.63636,7.75,7.41667,7.30769,5.5,2.25,5.41667,2.66667,5.66667,2.91667,2.66667,4.11111,2.5,3.33333,2.5,1.84615,3.83333,6.11111,2.11111,4.83333,3.63636,4,3.27273,3.45455,3.83333,,,
25,"lith",2519,"FRONT",2.7,2.16667,3.5,2.375,3,3,4,3,3.2,1.15385,1,5.75,.909091,6.4,1.18182,6.83333,.384615,7.5,6.125,6,6,4.66667,1.44444,2.63636,4.5,3.57143,4,5,2.66667,2.5,4.33333,1.42857,3,3.2,7.57143,1.66667,2.875,6.09091,,,
26,"pol",2601,"SLD",6.6,3.53333,2,1,5.72727,5.8,6.53846,6,4.88889,2.78571,3.46667,2.4,3,6.64286,4.35714,5.92857,3.46154,7.07692,3.28571,7.28571,2.14286,7.42857,2,5.71429,3.33333,3.16667,3.66667,3.1,3.71429,5.28571,5.16667,4.08333,4.45455,4.5,4.21429,5.57143,3.75,3.92308,,,
26,"pol",2603,"PO",6.6,3.73333,2.07143,1,5.83333,6.53333,6.53846,5.6,4.4,6,6.66667,5,5.23077,6.64286,6.64286,6.35714,6,6.33333,4.85714,6.5,4.78571,5.42857,5.92308,5.92857,4.44444,2.66667,5.125,2.2,2.42857,4.85714,6.66667,3.15385,4.41667,4.5,2.42857,6.21429,4.91667,3.23077,,,
26,"pol",2604,"S",3.27273,2.90909,3.3,2.36364,3.66667,3,5.42857,2.88889,2.8,4.63636,2.66667,7.75,1.9,5,2.81818,5.36364,1.90909,7.54545,7,5.81818,7.90909,4.45455,6.58333,5.09091,7.125,3.6,8,2.44444,8.76923,9.07692,7,3.41667,5.55556,4.1,6.55556,4.77778,6.4,3.8,,,
26,"pol",2605,"PiS",2.93333,3.2,2.84615,2.06667,4.08333,4.26667,6.07692,3.33333,2.9,8,3.06667,8.86667,3.46154,5.57143,3.5,4.46154,3.15385,6.69231,8.35714,7.42857,9.42857,8.14286,8.92308,9.21429,6.33333,3,8.55556,3.5,6.35714,6.92857,7.33333,3.15385,6.54545,4.41667,4.42857,5.71429,7.16667,3.61538,,,
26,"pol",2606,"PSL",5.13333,3.06667,3.07692,1.33333,5.27273,4.33333,6.15385,4.69231,3.875,4.92857,4.06667,6.86667,3.15385,5.78571,3.28571,5.85714,3.07692,6.69231,6.07143,4.71429,7,4.57143,7,6.07143,5.22222,3,6.25,2.6,9.35714,9.42857,6.41667,3.92308,5.33333,4.91667,5.75,4.30769,5.63636,3.33333,,,
26,"pol",2607,"LPR",1.66667,3,1.66667,2.91667,2.42857,2.5,4.25,1.6,1.33333,9.25,3.5,9.53846,3.09091,4.08333,3.08333,3.33333,3.5,4.58333,8.83333,6.90909,9.58333,8.41667,9.76923,9.61539,7.88889,5,9.33333,5.3,5.53846,5.08333,6.9,3.16667,7,3.81818,7,5.77778,8.09091,6.41667,,,
26,"pol",2611,"SDPL",6.71429,3.46154,2,1,6.14286,6.09091,6.625,6.2,5.33333,2.66667,3.41667,2.25,2.72727,6.09091,4.41667,5.33333,3.33333,6.5,2.81818,6.90909,2.08333,7.41667,1.69231,6.23077,3.125,3.3,3,3.33333,3.08333,5.18182,4.8,4.36364,3.7,4.7,4.27273,5.36364,3.4,4.63636,,,
26,"pol",2612,"SD",6.66667,3,3.11111,1.125,6.2,6.71429,6.6,6.6,4.75,4.66667,6.25,3.66667,5.85714,6.42857,6.28571,5.57143,6.42857,5.57143,3.28571,7.14286,2.85714,6.14286,2.625,4.375,3.4,2.28571,3,1.83333,2.22222,5.625,5.57143,3.875,3.16667,4.42857,5,5.33333,4.42857,3.75,,,
27,"rom",2701,"PSD",6.13636,3,2.5,1.13636,4.88235,5.44444,6.21053,5.63158,4.38462,3,2.95238,5.52381,3.22222,6.15789,3.2381,4.75,2.7619,6.6,5.28571,4.38095,5.95,3.21053,5.15,3.47619,4.23077,2.25,4.92308,2.5625,6.05263,4.84211,5.94737,2.7,5.61905,4.2381,4.71429,3.71429,5.47619,4.47619,,,
27,"rom",2702,"PC",5.47368,2.0625,2.71429,1.58824,4,5,5.8,5.33333,4.125,5.15789,4.9,6.52381,4.9375,5.11765,5.05556,4.625,4.8125,5.125,5.84211,4.26316,6.27778,3.76471,5.82353,3.57895,4.63636,2.26667,5.58333,2.66667,4.23529,3.1875,6.82353,2.15789,5.58824,3.58824,5.29412,3,6.3,4.7,,,
27,"rom",2703,"PRM",3.7,2.10526,2.0625,2.26316,3.875,3.23529,5.125,3.15385,2.77778,5.63158,2.1,9.45,3.13333,3.41176,1.94118,2.27778,1.73684,6.55,8.75,7.09524,8.90476,6.35,8.63158,6.71429,7.86667,5,7.53333,4.9375,6.0625,3.76471,6.53846,2,8.25,5.28571,7.6,4.5,8.71429,6.71429,,,
27,"rom",2704,"PD-L",6.36364,3.28571,2.3,1.04545,4.76471,6.11111,6.26316,5.63158,4.64286,6.55,7.09524,5,5.68421,7.26316,6.14286,6.05,6.7619,5.65,5.33333,4.95238,5.35,3.52632,5.7619,3.7619,4.23077,2.5,4.76923,2.4375,3.89474,3.84211,6.89474,2.5,4.52381,5.28571,2.52381,4.47619,4.52381,4.80952,,,
27,"rom",2705,"PNL",6.27273,2.95238,2.85,1.13636,4.88235,5.77778,6.15789,5.63158,4.5,5.85,6.52381,4.28571,6.36842,6.47368,6.57143,5.95,6,5.6,4.47368,5.25,5.05263,3.57895,5.15,3.61905,4.46154,2.6875,5.23077,2.875,3.78947,4.68421,6.31579,2.35,4.38095,5.05,5,3.85714,4.85,4.66667,,,
27,"rom",2706,"UDMR",6.45455,3.33333,1.88889,1.09091,5.35294,6,6.42105,5.9375,4,6,6.09524,4.9,5.11765,5.05882,5.84211,4,5.38889,4,4.57895,5.3,5.47368,3.31579,4.89474,3.7,4.58333,3.8125,2.91667,4.1875,5,3.83333,5.26316,3.15,1.85714,7.80952,4.23529,3.5,1.80952,8.95238,,,
28,"slo",2801,"LS-HZDS",5.13333,2.26667,1.85714,1.33333,4.5,5.16667,6.38462,4.5,3.5,5,4.42857,7.21429,4.21429,4.38462,4.28571,3.85714,4.38462,3.78571,6.69231,5.28571,7.07692,4.35714,5.71429,5,6.6,3.61538,6.41667,3.76923,6.78571,6,6.41667,2.21429,6,3.53846,5.38462,3.16667,6.69231,6.14286,,,
28,"slo",2802,"SDKU-DS",5.2,3.4,2.28571,1.06667,4.54545,6.35714,6.46154,5.36364,3.46154,6.64286,7.57143,5.14286,6.14286,7.15385,7,7.07143,6.64286,6.57143,5.78571,5.92857,5.57143,4.21429,6.07143,5.35714,5.84615,3.07143,6.07692,2.78571,3.5,4.42857,6.28571,2.64286,4.76923,3.92308,3.46154,4.57143,5,4.5,,,
28,"slo",2803,"Smer",5.86667,3,1.35714,1.13333,4.72727,5.5,6.46154,5.54545,4.21429,3.35714,2.23077,5.69231,2.42857,6,2.42857,5.85714,2.35714,6.71429,7.07143,5.92857,5.35714,3.21429,3.5,3.92857,5.69231,2.92857,5.76923,2.57143,5.35714,4.21429,6.35714,2.28571,6.07692,3.38462,5.30769,4,6.92308,5.14286,,,
28,"slo",2804,"SMK",5.8,2.8,1.53846,1.06667,5,5.91667,6.38462,5.5,3.4,5.92308,5.69231,6.57143,4.84615,3.53846,5.66667,3.75,4.75,3.91667,5.18182,4.91667,6.53846,4.07143,6.28571,5.84615,5.4,4.15385,4.41667,3.92857,6.57143,6.78571,6.15385,2.21429,3.07692,6.53846,4.2,3.25,.785714,8.92857,,,
28,"slo",2805,"KDH",4.53333,2.93333,2.76923,1.26667,4.45455,5.61538,6.30769,4.81818,1.92857,6.83333,6.28571,8.35714,5.42857,5.53846,5.78571,5.21429,5.53846,4.85714,7.78571,7.42857,8.78571,8.07143,9,8.92857,8.23077,5.14286,8,5.5,6.42857,5.85714,6.25,2.28571,5.30769,3.69231,4.30769,3.64286,6.28571,5.85714,,,
28,"slo",2807,"KSS",2.55556,2.25,1.2,2.57143,2.66667,1.57143,5.66667,2.16667,2.5,.692308,.333333,6.6,.909091,6.625,.454545,7.44444,.545455,7.27273,7.83333,4.875,6,3.85714,1.09091,5.9,5.33333,3,6,2.6,5,3.4,5,1.85714,7.66667,2.25,8.42857,5.28571,6.6,3.6,,,
28,"slo",2809,"SNS",3.07692,2.2,1.64286,2.35714,3.4,3.92308,6.15385,2.88889,1.78571,7.84615,4.27273,9.21429,4.09091,3.07692,3.58333,3,4.63636,3.69231,8.46154,6.21429,8.92857,6.5,6.42857,5.57143,9.07143,6.35714,9.53846,6.28571,6,5,6.78571,1.92857,7.5,4.41667,7.5,5.21429,9.92857,9.71429,,,
28,"slo",2811,"SF",5.625,2.42857,1.16667,1,4.2,5.71429,6.71429,5.16667,4,5.72727,6,2.75,5.625,5,6.28571,5.71429,5.625,5.375,4,4.625,3.25,4.875,3.625,4.25,3.6,3.11111,4.28571,3.125,3.25,5.28571,5,2.88889,4.33333,4,4.6,3.85714,3.75,4.375,,,
28,"slo",2812,"SaS",4.53333,2.66667,1.66667,1.26667,3.9,6.35714,5.84615,4.63636,3.3,6.78571,8.35714,1.57143,8.28571,8.84615,8.92857,8.42857,8.14286,7.64286,3,6.14286,2,6.5,2.07143,5.28571,4.45455,2.71429,4.5,2.64286,2.64286,4.57143,6.69231,2.78571,3.63636,3.76923,4.72727,3.46154,4.30769,3.5,,,
28,"slo",2813,"Most",5.86667,3.06667,3.09091,1.07143,4.9,5.75,6.38462,5.3,4,6.07692,6.28571,5.23077,5.42857,5.46154,6.30769,4.78571,5.78571,4.84615,5.23077,5.75,4.92308,4.69231,5.57143,5.30769,5.3,4,4.63636,4.08333,5.38462,5.54545,5.66667,2.41667,2.83333,6.58333,4.27273,3,1.14286,9,,,
29,"sle",2901,"LDS",6.54545,3.36364,2.44444,1,5.8,6,6.22222,5.125,5.41667,4.75,5.83333,1.58333,5.9,5.2,6.45455,6.45455,5.83333,5.45455,2.75,6.41667,1,7.16667,1.45455,4.72727,2.36364,5.27273,1.81818,4.27273,2.16667,3.90909,5,4,4.55556,4.25,4.81818,5.4,2.3,5.81818,,,
29,"sle",2902,"SDS",5.81818,3,1.6,1.4,5.4,5.4,5.88889,5.14286,3.90909,6.91667,5.91667,7.75,5.63636,5.8,5.18182,5.63636,4.66667,5.45455,7.08333,4.75,7,5.66667,6.27273,6.27273,7.09091,5.36364,6.90909,5,6,5.5,6.4,3.5,3.55556,6.125,3.81818,4.81818,7,5.45455,,,
29,"sle",2903,"ZLSD",6.54545,3.54545,2.5,1,6,5.4,6.55556,6.25,5.75,3.66667,3.75,2.5,3.1,6.9,4,6.18182,3.91667,6.36364,4,5.41667,2.33333,5,2,3.81818,3,4.36364,2.54545,2.90909,2.75,3.41667,4.2,4,4.625,3.875,3.81818,5.90909,2.63636,4.18182,,,
29,"sle",2904,"SLS-SMS",4.72727,2.45455,2.11111,1.6,4.5,4.625,5.75,4.14286,3.55556,6.83333,5.3,7.83333,4.375,5.875,4.125,4.25,4.63636,5.88889,7,4,8.08333,6.33333,7.81818,7.54545,7,5.33333,6.72727,5.3,7.91667,8.16667,4.66667,3.7,2.625,7.125,5.71429,4.33333,6.7,5.44444,,,
29,"sle",2905,"NSI",4.9,2.63636,1.55556,1.5,5.77778,5.44444,6.28571,4.85714,3.44444,7.81818,6.33333,9.33333,5.375,5.625,5,5.33333,5.63636,6.55556,7.6,4.6,9.16667,8.25,8.81818,8.45455,7.5,6.1,7.63636,5.55556,7.90909,7.45455,5.77778,3.3,3,6.125,5,4.77778,7.22222,5.875,,,
29,"sle",2906,"DeSUS",4.9,2,1.75,1.81818,5,4.33333,5.375,4.57143,4,4.25,3.33333,5.16667,2.4,7.2,3.36364,4.90909,3.58333,7.27273,5.72727,4.8,5.16667,3.25,3.8,4,4.5,3.88889,4.875,3.54545,4.90909,3.72727,5.22222,3.1,4.875,3,5.45455,3.5,4.85714,3.22222,,,
29,"sle",2907,"SNS",3,2.2,1.7,2.81818,3.33333,3.44444,4,2.25,2.41667,8,6,8.5,6.125,3.44444,4.77778,3.55556,5.27273,4.6,7.90909,5.36364,9.25,7.5,1.72727,5.36364,9.27273,9,8.81818,8.54545,5,3.66667,5.625,2.55556,5.57143,2.75,7.22222,4.8,8.90909,8.45455,,,
29,"sle",2910,"Zares",6.36364,3.18182,2.3,1,5.7,5.6,6.11111,5.375,5.41667,3.91667,4.58333,1.75,4.6,6.2,5.54545,6.36364,4.33333,5.90909,2.83333,5.41667,.916667,6.83333,1.36364,4.72727,2.90909,4.90909,2.09091,3.5,2.25,3.66667,4.5,4.7,5,3.5,5,6.09091,2.09091,5.09091,,,
31,"cro",3101,"HZD",6.42857,3.85714,4.5,,,,,,,7,4.33333,7.42857,4.42857,4.83333,4.83333,4,5.33333,4.66667,6.16667,5.5,5.83333,4.83333,7.83333,7.5,5.8,4.6,7.33333,2.25,6.2,5.5,6.33333,2.66667,6.66667,5.66667,2.83333,5.83333,5.83333,5.16667,5,5.42857,5.28571
31,"cro",3102,"SDP",6.42857,3.42857,2.16667,,,,,,,2.85714,4.28571,2.42857,3.71429,6.66667,6.5,6,3,7.16667,4.16667,6.5,3.5,6.83333,1.83333,4.33333,4,4,2.33333,3.75,3.33333,5.83333,4,5.66667,3.83333,7.5,4.16667,4.8,2,6.83333,6,6.42857,6.28571
31,"cro",3103,"HSS",4.14286,2,4.83333,,,,,,,7,2.85714,8.42857,4.14286,4.83333,3,4.4,4.5,5.33333,6,3.2,6.66667,4.5,8,8.16667,6,3,8,2.33333,8,7.83333,3.83333,3.83333,5.5,5.33333,5.33333,3.66667,5.83333,3.33333,3,4.14286,4.14286
31,"cro",3104,"HSLS",6.28571,3.28571,3,,,,,,,4.85714,6.85714,3,6.42857,5.83333,6.5,6.8,6.33333,4.33333,3.16667,5.66667,3.33333,6.5,3,4.5,4,3.8,3.33333,3.5,2.83333,5.16667,5.33333,3.66667,4.5,6.83333,4,4.5,4,5.33333,5.57143,5.57143,6.14286
31,"cro",3105,"HNS",6.85714,4,1.5,,,,,,,3,6.71429,1.57143,5.85714,6.83333,7.83333,6.6,5.83333,5.16667,3.33333,6.66667,4,7.66667,1.66667,4.66667,3.8,3.8,2.33333,4,2.83333,6.16667,5.5,4.66667,3.33333,7.16667,4,5,2,6.83333,6.71429,7,7
31,"cro",3106,"IDS-DDI",6.85714,3.71429,1.5,,,,,,,3.28571,5.85714,2,4.57143,5.83333,7,5.8,5.33333,5,3.5,5.83333,4.33333,6.33333,1.83333,4,3.8,3.8,1.33333,4,4.33333,5.83333,5,4.5,2,9.66667,4.5,3.66667,.666667,8.33333,6.42857,6.85714,6.71429
31,"cro",3107,"HDSSB",3.14286,1.42857,3.16667,,,,,,,8.71429,4.33333,8.42857,5.4,3,3.5,3,4.6,3.66667,5.66667,3.83333,6.16667,4,7.5,7.16667,6,4.4,8.66667,2.25,6.66667,6.5,5,2.33333,1.83333,9.33333,6.16667,3.33333,7.5,6.5,2.83333,2,3.57143
31,"cro",3108,"HSU",4.42857,2,3.66667,,,,,,,5,2.14286,5.28571,2.42857,7,4,4.6,2.66667,8.16667,5.83333,4.5,4.5,2.83333,4.16667,3.16667,4.66667,2.8,4.66667,3,4.5,3.66667,4.5,2.16667,4.6,3.16667,4.83333,2.33333,4.8,2.5,4,4.5,4.57143
31,"cro",3109,"HSP",2.71429,1.28571,2.83333,,,,,,,9.28571,3.85714,9.14286,4.71429,3.33333,3,2.6,4.5,3.5,6,4,6.66667,5,8.5,8,6.4,5.8,8.66667,1.75,6.5,4.83333,4.83333,3,6.5,4.33333,5.33333,4.5,8.5,8.33333,2.33333,2,3
31,"cro",3110,"SDSS",5.85714,3.28571,3,,,,,,,4,3.71429,3.14286,3.66667,6.4,5.75,4.33333,3.8,5,4.16667,6.66667,4.5,4.2,4.16667,5.66667,3,4.4,2.33333,4.25,5,4.33333,5,2,3.83333,6.83333,5,3.5,.333333,9.5,5.33333,7,5.71429
31,"cro",3111,"SDAH",4.5,2.4,3.5,,,,,,,4.6,4,4.33333,4.5,5,5,3,3.66667,4,4,5.75,4.33333,2.33333,5.5,6.75,4,3.66667,3,3.75,5.25,4.2,5.33333,1.33333,4.5,4,5.33333,2.5,.333333,9.66667,4,5.8,4.5
34,"tur",3401,"AKP",4.91667,2.83333,3,,,,,,,7.83333,8.16667,8.75,4.75,5.41667,7.81818,6.63636,6.33333,4.25,5.58333,5.16667,9.41667,5.83333,7.41667,8,4.81818,2.72727,5.45455,3.63636,3.58333,6,8.83333,1.83333,4.81818,6.72727,4.54545,6.16667,4.41667,6.83333,6.41667,5.5,4.66667
34,"tur",3402,"CHP",4.5,2.08333,4.66667,,,,,,,5.41667,3.66667,6.33333,3.5,5.83333,4.36364,6.18182,3.91667,5.33333,4.83333,5.91667,5.58333,6.83333,1.08333,5,6,2.72727,5.33333,4,3.25,6.72727,6.41667,2.58333,8.2,5.9,5.81818,5.58333,7.08333,6.66667,4,3.66667,5.08333
34,"tur",3403,"MHP",2,1.66667,1.08333,,,,,,,8.83333,5.4,9.41667,4,4.36364,5.2,5.1,4.9,3.7,7.81818,4.45455,9.5,6.25,5,7,7,2.7,7.81818,4.4,4.45455,5.8,7.11111,2,9.6,7.7,4.7,5.81818,9.08333,6.5,2.8,1.75,3.3
34,"tur",3404,"DYP",4,1.5,2.16667,,,,,,,6.58333,7.3,7.11111,6,4.25,6.375,5.28571,6.66667,3.375,6.11111,4,7.375,4.16667,5.09091,5.77778,5.83333,1.55556,6.125,3.5,4.66667,4.75,8,1.375,7.625,4.125,3.83333,4,6.5,5.33333,5,4.83333,4.8
34,"tur",3405,"GP",3.71429,1.5,2.5,,,,,,,6.66667,8,6.71429,7,4.5,7,5,6.85714,3.66667,6.33333,3.6,7.5,3.66667,4.44444,3.75,5.6,1.16667,6.4,3.4,3.33333,4,9,.8,6.83333,2.5,4.25,3.6,6.66667,4.5,4.8,4.2,4.6
34,"tur",3406,"BDP",6.16667,2.81818,1.81818,,,,,,,3.66667,3.2,3.77778,3.5,5.75,3.28571,4.88889,1.9,5.77778,1.22222,8,4.71429,6.14286,2.16667,4.08333,4.55556,3.7,1.4,5.44444,5.9,6.2,4.85714,2,.222222,9.55556,8.22222,3.6,0,9.91667,4.125,6.41667,6.22222
35,"nor",3501,"DNA",5.7,2.3,4.3,1,5.25,5.88889,4.33333,5.55556,5.66667,3.66667,3.7,4.6,2.4,8,4.44444,6.33333,2.55556,7.3,5.4,5.44444,2.7,4.4,2.7,3,6.5,5.8,4.44444,5.33333,4.9,3.4,6.2,4.9,6.2,3.8,3.4,4.3,4.2,4.2,,,
35,"nor",3502,"FrP",3.55556,1.3,4.77778,2.22222,4.66667,4.625,3.33333,4.125,3.5,8.22222,7.7,7.3,7.2,8.55556,8.66667,8.44444,6.88889,6.5,9,8.9,5.8,4.5,4,4.33333,9.7,9.8,9.33333,9.55556,2.66667,4.5,8.5,4.2,7.1,5.3,3.7,4.6,8.3,8.1,,,
35,"nor",3503,"H",6.2,2.7,1.2,1,5.25,6.55556,5,5.88889,5.5,7.44444,7.8,5.3,7.1,8.44444,7.66667,8.11111,6.44444,5.6,6.4,7.3,3.4,4.7,3.6,3.33333,7,6.4,5.33333,5.88889,2.2,4.1,7,4.4,5.8,5,3.1,4.8,5.2,4.4,,,
35,"nor",3504,"SV",1.7,2.4,1.4,3,4.33333,2,2.66667,2.22222,4,1.77778,1.7,2.1,1,7.77778,1.88889,7.88889,1.11111,8.6,2.2,7,1.3,6.8,1.4,4.55556,1.5,8,1.44444,7.88889,4.4,4.3,1.1,8.9,4.5,5.2,6.7,6.7,2.2,6.3,,,
35,"nor",3505,"Sp",1.2,3.2,.2,3,4,1.44444,3,1.77778,2,3.88889,3.6,6.1,3,6,3.55556,5.88889,3.77778,6.2,5.55556,4.66667,5.5,4,4.5,4.22222,6.3,5.11111,6.55556,5,9.8,9.7,4.1,5.7,1.1,8.9,4.2,4.2,6.1,4.4,,,
35,"nor",3506,"KrF",2.6,2,2.6,2.8,4.66667,3.66667,3.66667,3.125,4,5.22222,5.2,8.2,4.5,5.55556,5.11111,5.11111,2.88889,6,5.2,5.3,8.1,8.8,8.5,9.44444,3.88889,6.22222,5.55556,5.66667,7,6.2,4,6.1,3.6,5.2,4.2,4.11111,5,5,,,
35,"nor",3507,"V",3.9,1.9,4.7,1.9,5,4.88889,4.33333,3.75,5,5.44444,5.8,3.7,4.8,5.66667,6.11111,5.55556,5,5.1,3.3,6.66667,2.5,6,2.9,4,2.33333,7.22222,2.22222,6.55556,5.2,4.5,1.9,8.2,3.7,5.1,4.55556,3.88889,3.9,5.2,,,
36,"swi",3601,"SVP/UDC",1.16667,3.83333,1.5,3,2.66667,2.9,2.4,1.8,2,9.08333,7.75,9.08333,8.33333,7,6.90909,6,8,5.33333,9.5,8.45455,8.08333,5.91667,5.5,2.5,9.66667,9.58333,9.33333,9.27273,8.16667,7,8.16667,3.25,2.18182,3.55556,8.58333,6.36364,8.4,7.66667,,,
36,"swi",3602,"SPS/PSS",5.83333,3,3.75,1.08333,6,5.3,5.8,5.2,4.75,2.16667,1.75,1.66667,1.33333,6.58333,2.09091,7,1.33333,8.41667,2,6.09091,1.08333,6.58333,1.83333,2.5,1.41667,5.16667,2,7,2.58333,5.6,2.25,6.66667,5.8,3.44444,2.81818,5.7,2,5.85714,,,
36,"swi",3603,"FDP/PLR",3.91667,2.66667,6.54545,2.33333,4,5.4,5,3.8,3.25,7.16667,8.16667,5.33333,7.91667,7.08333,8.09091,7.7,7.83333,6.75,5.66667,6,3.63636,4.81818,2.08333,2.16667,7.25,5.75,6.33333,6.18182,3.66667,5.5,7.25,4.33333,4.88889,3.55556,3.63636,4,5.7,4.14286,,,
36,"swi",3604,"CVP/PVC",4.08333,2.58333,5.45455,2.08333,4.66667,4.8,5.4,4.25,3,6.16667,5.91667,6.16667,5.5,5.75,5.63636,5.2,5.58333,6.25,6.16667,5.6,6.5,6.08333,8.08333,6.83333,6,5.5,6.75,6.18182,6,5.4,6,4.83333,4.22222,4.22222,4.36364,3.9,5.2,4.71429,,,
36,"swi",3605,"GPS/PES",5.5,2.83333,3.91667,1.36364,5.66667,4.9,5.25,4.4,4.5,1.91667,1.58333,1.16667,1.8,5.45455,2.36364,5.1,1.75,6.58333,1.66667,6.27273,.916667,6.75,1.58333,1.91667,1.58333,5.83333,1.33333,6.27273,3.08333,5.3,.333333,9.58333,5.1,3.77778,3.54545,4.9,1.6,6.14286,,,
36,"swi",3606,"GLP/PVL",5.375,2.44444,3.2,1.77778,6,5.71429,5.33333,4.33333,4.33333,5.33333,6.18182,2.72727,5.90909,5.09091,6.11111,6,5.36364,5.6,3.1,5.5,2,5.25,2.8,1.8,4.18182,4.54545,3.3,4.77778,2.63636,4.77778,2,9.18182,4.77778,3.44444,4.5,3,3.33333,3.28571,,,
36,"swi",3607,"EVP/PEV",3.875,2,4.75,2.4,4,5,6,,2.5,5.8,5.625,6.4,5.28571,4.33333,4.66667,4.8,4.57143,5.5,5.44444,4.83333,7.5,6.875,8.7,7.2,5.44444,4.77778,6.125,5.85714,5.75,3.83333,5,3.88889,4.66667,2.71429,5.83333,2.625,6.44444,3,,,
36,"swi",3608,"EDU/UDF",1.6,2.44444,3.42857,2.875,3,3.33333,1,,1.33333,8.63636,6.25,8.4,6.14286,4.16667,5.2,4,5.5,4.16667,8.33333,7,8.7,7,7.375,5.66667,8.8,8.2,8.6,7.77778,6.44444,4.14286,6.5,2.25,4.4,3.14286,6.875,3.22222,8.77778,5.85714,,,
36,"swi",3609,"PdA/PST-POP",4.5,2.33333,4.2,2.16667,2,2.75,,,5,.583333,.444444,2.14286,.444444,7.44444,.285714,9.28571,.363636,9.55556,2.16667,6.14286,1.6,4.33333,1.09091,1.5,2,3.8,2.55556,3.8,1.11111,4.375,3.11111,3.88889,6,2.57143,5.8,3.125,4,3.14286,,,
36,"swi",3610,"LdT",1.5,3.28571,1.85714,3,1,2.25,,4,1.5,8.77778,6.11111,8.66667,7,4.57143,6.5,6,6.25,6.6,9,7.375,8,5.57143,3.375,3,9.11111,8.4,9.375,8.55556,5.42857,4.8,7.57143,1.875,2,5.625,8.75,2.875,8.125,6.28571,,,
36,"swi",3611,"CSP/PCS",4.625,2.28571,5.4,2.14286,4,4.33333,,4,3,4.90909,4.36364,5.4,4,4.77778,4.14286,5.6,3.8,6.42857,4.625,5,5.5,6,7.45455,6.2,4.5,4.77778,5.33333,5.28571,5.375,4.16667,3.85714,3.625,4.75,3.5,4.66667,3.22222,5.66667,2.4,,,
36,"swi",3612,"BDP",3,2.33333,4.85714,2.5,2,3,3.5,2.66667,2.33333,6.91667,6.81818,7.2,6.27273,5.11111,6,5.375,5.63636,5.25,7.11111,6.125,6.22222,5,4.8,2.8,7.18182,5.8,7.3,6,7.6,7.25,6.9,2.88889,4,3.875,7,3.44444,7.125,4.2,,,
